,azp,azpsa,som,maxp,geoid,arisel
0,6,1,0,0,06037101110,4
1,6,1,1,1,06037101122,4
2,6,1,0,2,06037101210,4
3,6,1,0,3,06037101220,4
4,6,1,1,4,06037101300,4
5,6,1,1,5,06037101400,4
6,6,1,1,6,06037102103,4
7,6,1,1,7,06037102104,4
8,9,1,3,8,06037102105,1
9,6,1,0,9,06037102107,4
10,6,1,1,10,06037103101,4
11,6,1,0,11,06037103102,4
12,6,6,0,12,06037103200,4
13,6,1,1,13,06037103300,4
14,6,1,1,14,06037103400,4
15,9,6,6,15,06037104103,1
16,9,6,6,16,06037104105,1
17,9,6,6,17,06037104108,1
18,6,6,4,18,06037104124,4
19,9,6,6,19,06037104201,1
20,9,6,6,20,06037104203,1
21,9,6,6,21,06037104204,1
22,9,6,6,22,06037104310,1
23,9,6,6,23,06037104320,1
24,9,6,6,24,06037104401,1
25,9,6,6,25,06037104403,1
26,9,6,6,26,06037104404,1
27,9,6,6,27,06037104500,1
28,9,6,6,28,06037104610,1
29,9,6,6,29,06037104620,1
30,9,6,6,30,06037104701,1
31,9,6,6,31,06037104703,1
32,9,6,6,32,06037104704,1
33,9,6,6,33,06037104810,1
34,9,6,6,34,06037104821,1
35,9,6,6,35,06037104822,1
36,9,6,3,36,06037106010,1
37,9,6,6,37,06037106020,1
38,9,6,3,38,06037106111,1
39,9,6,3,39,06037106112,1
40,9,6,3,40,06037106113,1
41,9,6,6,41,06037106114,1
42,9,6,6,42,06037106403,1
43,9,6,6,43,06037106405,1
44,9,6,3,44,06037106406,1
45,9,6,3,45,06037106407,1
46,9,6,6,46,06037106408,1
47,9,6,3,47,06037106510,1
48,9,6,6,48,06037106520,1
49,6,6,2,49,06037106603,4
50,9,6,6,50,06037106604,1
51,6,6,2,51,06037106641,4
52,6,6,1,52,06037106642,4
53,6,6,2,53,06037106643,4
54,6,6,2,54,06037106645,4
55,6,6,0,55,06037106646,4
56,9,6,6,56,06037106648,1
57,9,6,7,57,06037106649,1
58,9,6,6,58,06037107010,1
59,9,6,6,59,06037107020,1
60,6,6,2,60,06037108101,4
61,6,6,2,61,06037108102,4
62,6,6,2,62,06037108103,4
63,6,6,2,63,06037108104,4
64,6,6,5,64,06037108201,4
65,6,6,5,65,06037108202,4
66,9,6,3,66,06037109100,1
67,6,6,4,67,06037109200,4
68,6,6,4,68,06037109300,4
69,9,6,6,69,06037109400,1
70,9,6,6,70,06037109500,1
71,9,6,3,71,06037109601,1
72,9,6,3,72,06037109603,1
73,9,6,3,73,06037109604,1
74,6,6,4,74,06037109700,4
75,9,6,3,75,06037109800,1
76,6,6,4,76,06037111100,4
77,6,6,0,77,06037111201,4
78,6,6,0,78,06037111202,4
79,6,6,2,79,06037111204,4
80,6,6,8,80,06037111205,4
81,6,6,5,81,06037111206,4
82,6,6,4,82,06037111301,4
83,6,6,5,83,06037111302,4
84,6,6,4,84,06037111400,4
85,6,6,2,85,06037113101,4
86,6,6,2,86,06037113102,4
87,6,6,2,87,06037113211,4
88,6,6,5,88,06037113212,4
89,6,6,0,89,06037113213,4
90,6,6,2,90,06037113231,4
91,6,6,1,91,06037113232,4
92,6,6,3,92,06037113233,4
93,6,6,7,93,06037113234,4
94,6,6,1,94,06037113235,4
95,6,6,5,95,06037113237,4
96,6,6,1,96,06037113301,4
97,6,6,0,97,06037113303,4
98,6,6,4,98,06037113321,4
99,6,6,1,99,06037113322,4
100,6,6,4,100,06037113401,4
101,6,6,3,101,06037113421,4
102,6,6,8,102,06037113422,4
103,6,6,2,103,06037115101,4
104,6,6,8,104,06037115104,4
105,6,6,4,105,06037115201,4
106,6,6,0,106,06037115202,4
107,6,6,5,107,06037115301,4
108,6,6,6,108,06037115302,4
109,6,6,4,109,06037115401,4
110,6,6,3,110,06037115403,4
111,6,6,3,111,06037115404,4
112,9,6,8,112,06037117101,1
113,9,6,3,113,06037117102,1
114,9,6,3,114,06037117201,1
115,6,6,8,115,06037117202,4
116,6,6,4,116,06037117301,4
117,6,6,5,117,06037117302,4
118,6,6,4,118,06037117303,4
119,6,6,4,119,06037117404,4
120,9,6,6,120,06037117405,1
121,9,6,6,121,06037117407,1
122,9,6,6,122,06037117408,1
123,9,6,6,123,06037117510,1
124,9,6,6,124,06037117520,1
125,9,6,6,125,06037117530,1
126,9,1,7,126,06037119001,1
127,9,6,6,127,06037119002,1
128,9,6,6,128,06037119201,1
129,9,6,6,129,06037119202,1
130,9,6,3,130,06037119310,1
131,9,6,6,131,06037119320,1
132,9,6,7,132,06037119341,1
133,9,6,6,133,06037119342,1
134,9,6,6,134,06037119400,1
135,6,1,8,135,06037119700,4
136,9,6,6,136,06037119800,1
137,9,1,7,137,06037119900,1
138,9,1,6,138,06037120010,1
139,9,6,6,139,06037120020,1
140,9,6,6,140,06037120030,1
141,9,6,6,141,06037120104,1
142,9,6,6,142,06037120105,1
143,9,6,6,143,06037120106,1
144,9,6,6,144,06037120107,1
145,9,6,6,145,06037120108,1
146,9,1,7,146,06037120300,1
147,9,1,7,147,06037120400,1
148,9,1,3,148,06037121010,1
149,9,1,3,149,06037121020,1
150,9,1,3,150,06037121101,1
151,6,1,0,151,06037121102,1
152,9,1,6,152,06037121210,1
153,9,1,6,153,06037121221,1
154,9,1,6,154,06037121222,1
155,6,1,4,155,06037121600,4
156,9,1,3,156,06037121801,1
157,9,1,3,157,06037121802,1
158,9,1,6,158,06037121900,1
159,6,1,0,159,06037122000,4
160,9,1,6,160,06037122120,1
161,9,1,6,161,06037122121,1
162,9,1,6,162,06037122122,1
163,9,1,6,163,06037122200,1
164,9,1,6,164,06037122420,1
165,9,1,6,165,06037123010,1
166,9,1,6,166,06037123020,1
167,9,1,3,167,06037123103,1
168,9,1,3,168,06037123104,1
169,9,1,6,169,06037123203,1
170,9,1,3,170,06037123204,1
171,9,1,6,171,06037123205,1
172,9,1,6,172,06037123206,1
173,6,1,4,173,06037123301,4
174,9,1,4,174,06037123303,1
175,6,1,0,175,06037123304,4
176,9,1,3,176,06037123410,1
177,9,1,3,177,06037123420,1
178,9,1,0,178,06037123510,1
179,6,1,4,179,06037123520,4
180,6,1,0,180,06037123601,4
181,6,1,0,181,06037123602,4
182,6,1,1,182,06037123700,4
183,6,1,0,183,06037123800,4
184,6,1,0,184,06037123901,4
185,6,1,1,185,06037123902,4
186,7,1,2,186,06037124000,9
187,6,1,4,187,06037124102,4
188,9,1,6,188,06037124103,1
189,9,1,3,189,06037124104,1
190,9,1,3,190,06037124105,1
191,9,1,3,191,06037124201,1
192,9,1,3,192,06037124203,1
193,9,1,3,193,06037124204,1
194,9,1,3,194,06037124300,1
195,7,1,1,195,06037124400,9
196,6,1,1,196,06037124500,9
197,7,1,2,197,06037124600,9
198,7,1,2,198,06037124700,9
199,6,1,0,199,06037124902,4
200,6,1,1,200,06037124903,9
201,6,1,1,201,06037125100,9
202,6,1,0,202,06037125200,4
203,6,1,4,203,06037125310,4
204,6,1,0,204,06037125320,4
205,6,1,4,205,06037125401,4
206,6,1,1,206,06037125402,9
207,6,1,0,207,06037125501,4
208,6,1,1,208,06037125502,9
209,7,1,2,209,06037125600,9
210,9,1,3,210,06037127102,1
211,9,1,3,211,06037127104,1
212,9,1,3,212,06037127210,1
213,9,1,6,213,06037127220,1
214,6,1,4,214,06037127300,4
215,9,6,3,215,06037127400,1
216,9,6,6,216,06037127603,1
217,9,1,4,217,06037127604,4
218,9,6,6,218,06037127605,1
219,9,1,3,219,06037127606,1
220,6,1,4,220,06037127711,4
221,9,1,3,221,06037127712,1
222,9,1,3,222,06037127803,1
223,6,1,4,223,06037127804,4
224,9,1,7,224,06037127805,1
225,9,1,3,225,06037127806,1
226,9,1,3,226,06037127910,1
227,9,1,3,227,06037127920,1
228,6,1,0,228,06037128101,4
229,9,1,3,229,06037128102,1
230,9,1,6,230,06037128210,1
231,6,1,4,231,06037128220,4
232,9,1,6,232,06037128302,1
233,6,1,1,233,06037128400,4
234,6,1,1,234,06037128500,9
235,6,1,0,235,06037128601,4
236,7,1,2,236,06037128602,9
237,7,1,2,237,06037128702,9
238,6,1,1,238,06037128801,9
239,7,1,2,239,06037128802,9
240,7,1,2,240,06037128910,9
241,6,6,7,241,06037131010,4
242,6,6,3,242,06037131020,4
243,6,6,0,243,06037131100,4
244,6,6,4,244,06037131200,4
245,6,6,3,245,06037131300,4
246,6,6,4,246,06037131400,4
247,6,6,4,247,06037131600,4
248,6,6,4,248,06037131701,4
249,6,6,3,249,06037131702,4
250,6,6,3,250,06037131800,4
251,6,6,4,251,06037131900,4
252,6,6,0,252,06037132001,4
253,6,6,0,253,06037132002,4
254,6,6,4,254,06037132101,4
255,6,6,4,255,06037132102,4
256,6,6,3,256,06037132300,4
257,6,6,4,257,06037132501,4
258,6,6,4,258,06037132502,4
259,6,6,3,259,06037132700,4
260,6,6,1,260,06037132900,4
261,6,6,3,261,06037133000,4
262,6,6,0,262,06037133100,4
263,6,6,6,263,06037134001,4
264,6,6,3,264,06037134002,4
265,6,6,8,265,06037134101,4
266,6,6,3,266,06037134103,4
267,6,6,8,267,06037134104,4
268,6,6,4,268,06037134201,4
269,6,6,1,269,06037134302,4
270,6,6,0,270,06037134303,4
271,6,6,4,271,06037134304,4
272,6,6,4,272,06037134306,4
273,7,6,2,273,06037134421,9
274,7,6,2,274,06037134422,9
275,7,6,2,275,06037134423,9
276,6,6,2,276,06037134424,4
277,6,6,6,277,06037134520,4
278,6,6,6,278,06037134521,4
279,6,6,6,279,06037134522,4
280,6,6,6,280,06037134710,4
281,6,6,4,281,06037134720,4
282,6,6,3,282,06037134800,4
283,6,6,1,283,06037134901,4
284,6,6,3,284,06037134904,4
285,7,6,2,285,06037134905,9
286,6,6,2,286,06037135102,4
287,6,6,5,287,06037135111,4
288,6,6,5,288,06037135113,4
289,6,6,5,289,06037135114,9
290,7,6,1,290,06037135201,9
291,6,6,1,291,06037135202,9
292,6,6,1,292,06037135203,4
293,7,10,2,293,06037137000,9
294,6,6,2,294,06037137103,9
295,7,6,2,295,06037137104,9
296,6,6,1,296,06037137201,9
297,7,6,2,297,06037137301,9
298,7,10,2,298,06037137302,4
299,7,6,2,299,06037137401,9
300,7,6,1,300,06037137402,9
301,7,6,2,301,06037137501,9
302,7,6,2,302,06037137502,9
303,7,10,2,303,06037137504,6
304,7,10,2,304,06037138000,9
305,7,6,2,305,06037139001,9
306,6,6,1,306,06037139200,4
307,7,6,2,307,06037139301,9
308,6,6,0,308,06037139302,4
309,6,6,0,309,06037139303,4
310,6,6,0,310,06037139401,4
311,7,10,2,311,06037139402,9
312,7,6,2,312,06037139502,9
313,6,6,1,313,06037139503,9
314,7,10,1,314,06037139504,9
315,7,10,2,315,06037139600,9
316,7,10,2,316,06037139701,9
317,7,10,2,317,06037139702,6
318,7,10,2,318,06037139703,6
319,7,10,2,319,06037139801,6
320,7,10,2,320,06037139802,6
321,7,1,2,321,06037141101,9
322,7,1,2,322,06037141102,9
323,7,1,1,323,06037141201,9
324,7,1,2,324,06037141202,9
325,7,1,2,325,06037141302,9
326,7,1,2,326,06037141303,9
327,7,1,2,327,06037141304,9
328,7,1,2,328,06037141400,9
329,7,10,2,329,06037141500,6
330,7,10,2,330,06037141600,6
331,7,10,2,331,06037141700,6
332,7,1,2,332,06037143100,9
333,7,1,2,333,06037143200,9
334,7,1,2,334,06037143300,9
335,7,1,2,335,06037143400,9
336,7,1,2,336,06037143500,9
337,7,1,2,337,06037143602,9
338,7,1,2,338,06037143603,9
339,7,1,2,339,06037143604,9
340,7,10,2,340,06037143700,6
341,7,1,2,341,06037143800,6
342,7,10,2,342,06037143901,6
343,7,10,2,343,06037143902,6
344,6,1,5,344,06037181000,4
345,6,1,5,345,06037181300,4
346,6,1,8,346,06037181400,4
347,6,1,4,347,06037181500,4
348,6,1,4,348,06037181600,4
349,13,12,3,349,06037183101,10
350,13,12,6,350,06037183103,10
351,6,12,8,351,06037183104,4
352,13,12,6,352,06037183220,10
353,13,12,3,353,06037183221,10
354,6,1,4,354,06037183222,4
355,13,12,7,355,06037183300,10
356,13,12,7,356,06037183401,10
357,6,12,8,357,06037183402,4
358,13,12,3,358,06037183510,10
359,13,12,6,359,06037183520,10
360,13,12,6,360,06037183610,10
361,13,12,3,361,06037183620,10
362,13,12,6,362,06037183701,10
363,13,12,7,363,06037183702,10
364,13,12,6,364,06037183810,10
365,13,12,6,365,06037183820,10
366,6,1,4,366,06037185100,4
367,13,12,3,367,06037185202,10
368,13,12,6,368,06037185203,10
369,6,1,8,369,06037185204,4
370,13,12,6,370,06037185310,10
371,13,12,6,371,06037185320,10
372,6,1,8,372,06037186100,4
373,6,1,8,373,06037186201,4
374,6,1,8,374,06037186202,4
375,6,1,4,375,06037186203,4
376,13,12,6,376,06037186301,10
377,6,12,4,377,06037186302,4
378,13,12,6,378,06037186401,10
379,13,12,7,379,06037186403,10
380,13,12,6,380,06037186404,10
381,6,1,4,381,06037187101,4
382,13,12,7,382,06037187102,10
383,13,12,6,383,06037187200,10
384,6,1,2,384,06037187300,4
385,6,1,3,385,06037188100,4
386,7,1,2,386,06037188201,4
387,7,1,2,387,06037188202,4
388,6,1,8,388,06037188300,4
389,7,1,2,389,06037189101,4
390,7,1,2,390,06037189102,4
391,7,1,2,391,06037189201,4
392,7,1,2,392,06037189202,4
393,7,1,2,393,06037189300,4
394,7,1,2,394,06037189400,9
395,7,1,2,395,06037189500,4
396,7,1,2,396,06037189600,4
397,7,1,2,397,06037189701,9
398,7,10,2,398,06037189702,9
399,7,10,2,399,06037189800,9
400,7,10,2,400,06037189902,9
401,7,10,1,401,06037189903,9
402,7,10,2,402,06037189905,9
403,7,1,4,403,06037190520,4
404,3,1,0,404,06037190700,4
405,3,1,4,405,06037190801,4
406,3,1,4,406,06037190802,4
407,13,1,6,407,06037190901,10
408,13,1,3,408,06037190902,10
409,3,1,4,409,06037191000,4
410,7,1,0,410,06037191110,4
411,13,1,3,411,06037191120,10
412,7,1,0,412,06037191201,4
413,13,1,8,413,06037191203,4
414,13,1,4,414,06037191204,4
415,13,1,7,415,06037191301,10
416,13,1,8,416,06037191302,4
417,13,1,7,417,06037191410,10
418,13,1,7,418,06037191420,10
419,13,1,7,419,06037191500,10
420,13,1,3,420,06037191610,10
421,13,1,6,421,06037191620,10
422,13,1,3,422,06037191710,10
423,13,1,6,423,06037191720,10
424,13,1,3,424,06037191810,10
425,3,1,0,425,06037191820,4
426,3,10,1,426,06037191901,4
427,7,10,2,427,06037191902,9
428,7,10,2,428,06037192001,9
429,7,10,2,429,06037192002,9
430,7,10,2,430,06037192300,9
431,3,10,5,431,06037192410,4
432,3,1,8,432,06037192420,10
433,13,1,7,433,06037192510,10
434,13,1,6,434,06037192520,10
435,13,1,6,435,06037192610,10
436,13,1,7,436,06037192620,10
437,13,1,7,437,06037192700,10
438,7,10,2,438,06037194101,9
439,7,10,2,439,06037194102,6
440,7,10,2,440,06037194200,6
441,7,10,2,441,06037194300,6
442,7,10,2,442,06037194401,9
443,7,10,2,443,06037194402,9
444,7,10,2,444,06037194500,6
445,7,1,2,445,06037195100,4
446,7,1,2,446,06037195201,4
447,7,1,2,447,06037195202,4
448,7,1,5,448,06037195300,4
449,7,1,2,449,06037195400,4
450,6,1,4,450,06037195500,4
451,6,1,3,451,06037195600,4
452,13,1,6,452,06037195710,10
453,13,1,3,453,06037195720,10
454,13,1,7,454,06037195802,10
455,6,1,4,455,06037195803,4
456,13,1,7,456,06037195804,10
457,6,1,0,457,06037195901,4
458,6,1,1,458,06037195902,4
459,6,1,4,459,06037195903,4
460,13,12,7,460,06037197200,10
461,6,1,4,461,06037197300,4
462,6,1,1,462,06037197410,4
463,6,1,4,463,06037197420,4
464,6,1,4,464,06037197500,4
465,6,1,8,465,06037197600,4
466,6,1,8,466,06037197700,4
467,13,12,7,467,06037199000,10
468,13,12,6,468,06037199110,10
469,13,12,6,469,06037199120,10
470,13,12,7,470,06037199201,10
471,13,12,6,471,06037199202,10
472,13,12,3,472,06037199300,10
473,13,12,6,473,06037199400,10
474,13,12,6,474,06037199700,10
475,13,12,7,475,06037199800,10
476,13,12,6,476,06037199900,10
477,13,12,6,477,06037201110,10
478,13,12,6,478,06037201120,10
479,13,12,6,479,06037201200,10
480,13,12,6,480,06037201301,10
481,6,14,8,481,06037201302,4
482,13,12,6,482,06037201401,10
483,13,12,6,483,06037201402,10
484,13,12,6,484,06037201501,10
485,13,12,6,485,06037201503,10
486,13,12,6,486,06037201504,10
487,13,12,6,487,06037201601,10
488,13,12,6,488,06037201602,10
489,13,12,3,489,06037201700,10
490,13,12,6,490,06037203100,10
491,13,12,6,491,06037203200,10
492,13,12,6,492,06037203300,10
493,13,12,6,493,06037203500,10
494,13,12,6,494,06037203600,10
495,13,12,6,495,06037203710,10
496,13,12,6,496,06037203720,10
497,13,12,6,497,06037203800,10
498,13,12,6,498,06037203900,10
499,13,12,6,499,06037204110,10
500,13,12,6,500,06037204120,10
501,13,12,6,501,06037204200,10
502,13,12,6,502,06037204300,10
503,13,12,6,503,06037204410,10
504,13,12,6,504,06037204420,10
505,13,12,6,505,06037204600,10
506,13,12,6,506,06037204700,10
507,13,12,6,507,06037204810,10
508,13,12,6,508,06037204820,10
509,13,12,6,509,06037204910,10
510,13,12,6,510,06037204920,10
511,13,12,6,511,06037205120,10
512,13,12,7,512,06037206010,10
513,6,1,5,513,06037206031,4
514,13,12,6,514,06037206032,10
515,6,1,8,515,06037206200,4
516,6,1,8,516,06037207101,4
517,6,1,8,517,06037207102,4
518,6,1,8,518,06037207103,4
519,6,1,5,519,06037207301,4
520,6,1,5,520,06037207302,4
521,13,1,5,521,06037207501,10
522,6,1,5,522,06037207710,4
523,6,1,5,523,06037207900,4
524,13,1,7,524,06037208000,10
525,13,1,6,525,06037208302,10
526,13,1,6,526,06037208401,10
527,13,1,7,527,06037208402,10
528,13,1,8,528,06037208501,10
529,13,1,6,529,06037208502,10
530,13,1,8,530,06037208610,10
531,13,1,8,531,06037208620,10
532,13,1,8,532,06037208710,10
533,13,1,7,533,06037208802,10
534,13,12,6,534,06037209102,10
535,13,1,8,535,06037209200,10
536,13,12,7,536,06037209300,10
537,13,12,7,537,06037209510,10
538,13,12,6,538,06037209520,10
539,13,12,6,539,06037209810,10
540,13,12,6,540,06037209820,10
541,13,12,6,541,06037210010,10
542,7,10,2,542,06037211000,9
543,13,1,8,543,06037211120,10
544,13,1,8,544,06037211121,10
545,13,1,8,545,06037211122,10
546,13,1,7,546,06037211202,10
547,13,1,6,547,06037211310,10
548,3,1,8,548,06037211410,10
549,3,1,8,549,06037211420,10
550,3,1,5,550,06037211500,4
551,3,1,8,551,06037211703,10
552,3,1,8,552,06037211704,4
553,3,1,8,553,06037211802,4
554,3,1,8,554,06037211804,4
555,13,1,7,555,06037211910,10
556,13,1,8,556,06037212101,10
557,13,1,6,557,06037212204,10
558,13,12,6,558,06037212305,10
559,13,12,8,559,06037212306,10
560,3,12,8,560,06037212410,10
561,13,12,7,561,06037212420,10
562,3,1,8,562,06037212610,4
563,13,12,8,563,06037212620,10
564,3,2,8,564,06037212701,4
565,3,1,8,565,06037212702,4
566,3,2,7,566,06037212800,10
567,13,2,7,567,06037212900,10
568,3,2,8,568,06037213100,4
569,13,12,7,569,06037213201,10
570,13,12,7,570,06037213202,10
571,13,12,6,571,06037213310,10
572,13,12,7,572,06037213320,10
573,13,12,6,573,06037213401,10
574,13,12,6,574,06037213402,10
575,7,10,2,575,06037214000,9
576,7,10,2,576,06037214100,9
577,7,10,2,577,06037214400,9
578,7,10,2,578,06037214600,9
579,7,10,2,579,06037214700,6
580,7,10,2,580,06037214800,6
581,7,10,2,581,06037214901,9
582,7,10,2,582,06037214902,9
583,7,10,2,583,06037215101,9
584,7,10,5,584,06037216100,9
585,3,13,5,585,06037216200,9
586,7,10,2,586,06037216300,9
587,7,10,2,587,06037216401,9
588,7,10,2,588,06037216402,9
589,3,13,5,589,06037216700,9
590,7,10,2,590,06037216800,9
591,3,13,5,591,06037216900,9
592,7,10,2,592,06037217001,9
593,7,13,2,593,06037217002,9
594,3,13,4,594,06037217100,2
595,3,13,8,595,06037217200,2
596,3,2,7,596,06037218110,2
597,13,2,7,597,06037218120,10
598,1,2,6,598,06037218210,2
599,1,2,7,599,06037218220,2
600,1,2,7,600,06037218300,2
601,1,2,6,601,06037218400,2
602,1,2,7,602,06037218500,2
603,1,2,6,603,06037218600,2
604,3,2,8,604,06037218701,2
605,1,2,7,605,06037218702,2
606,1,2,7,606,06037218800,2
607,3,2,7,607,06037218900,2
608,1,2,6,608,06037219010,2
609,1,2,6,609,06037219020,2
610,1,2,6,610,06037219300,2
611,11,2,8,611,06037219500,2
612,1,2,6,612,06037219700,2
613,1,2,6,613,06037219800,2
614,1,2,6,614,06037219901,2
615,1,2,6,615,06037219902,2
616,11,2,7,616,06037220000,2
617,11,5,8,617,06037220100,2
618,13,12,6,618,06037221110,10
619,13,12,6,619,06037221120,10
620,13,12,6,620,06037221210,10
621,13,12,6,621,06037221220,10
622,13,12,6,622,06037221303,10
623,13,2,7,623,06037221304,10
624,1,2,7,624,06037221401,2
625,1,2,7,625,06037221402,2
626,1,2,6,626,06037221500,2
627,13,12,6,627,06037221601,10
628,13,12,6,628,06037221602,10
629,13,12,6,629,06037221710,10
630,3,2,8,630,06037221810,10
631,3,2,8,631,06037221820,2
632,3,2,8,632,06037221900,2
633,3,2,7,633,06037222001,2
634,1,2,6,634,06037222002,10
635,1,2,6,635,06037222100,2
636,1,2,6,636,06037222200,10
637,3,2,6,637,06037222500,10
638,3,2,7,638,06037222600,2
639,13,12,6,639,06037224020,10
640,13,12,6,640,06037224200,10
641,13,12,6,641,06037224310,10
642,13,12,6,642,06037224320,10
643,13,12,7,643,06037224410,10
644,13,12,6,644,06037224420,10
645,13,12,6,645,06037224600,10
646,13,12,6,646,06037226001,10
647,6,12,3,647,06037226002,4
648,13,12,6,648,06037226410,10
649,13,12,6,649,06037226420,10
650,13,12,6,650,06037226700,10
651,13,12,6,651,06037227010,10
652,13,12,6,652,06037227020,10
653,13,12,6,653,06037228100,10
654,13,12,6,654,06037228210,10
655,13,12,6,655,06037228220,10
656,13,12,6,656,06037228310,10
657,13,12,6,657,06037228320,10
658,13,12,6,658,06037228410,10
659,13,2,6,659,06037228420,10
660,13,2,6,660,06037228500,10
661,13,12,6,661,06037228600,10
662,13,12,6,662,06037228710,10
663,13,12,6,663,06037228720,10
664,13,12,6,664,06037228800,10
665,13,12,6,665,06037228900,10
666,13,12,6,666,06037229100,10
667,13,2,6,667,06037229200,10
668,13,12,6,668,06037229300,10
669,13,2,6,669,06037229410,10
670,13,12,6,670,06037229420,10
671,13,2,6,671,06037231100,10
672,1,2,6,672,06037231210,10
673,3,2,6,673,06037231220,10
674,1,2,6,674,06037231300,10
675,1,2,6,675,06037231400,10
676,1,2,7,676,06037231500,2
677,3,2,6,677,06037231600,2
678,1,2,6,678,06037231710,10
679,13,2,6,679,06037231720,10
680,13,2,6,680,06037231800,10
681,13,2,6,681,06037231900,10
682,3,2,6,682,06037232110,10
683,1,2,6,683,06037232120,10
684,1,2,6,684,06037232200,2
685,1,2,6,685,06037232300,10
686,11,2,6,686,06037232400,2
687,1,2,6,687,06037232500,2
688,1,2,6,688,06037232600,10
689,3,2,6,689,06037232700,10
690,13,2,6,690,06037232800,10
691,11,5,7,691,06037234000,2
692,11,5,8,692,06037234200,2
693,11,5,8,693,06037234300,2
694,11,5,7,694,06037234501,2
695,11,5,7,695,06037234502,2
696,11,2,7,696,06037234600,2
697,1,2,7,697,06037234700,2
698,11,2,7,698,06037234800,2
699,11,2,6,699,06037234901,2
700,1,2,7,700,06037234902,2
701,11,5,8,701,06037235100,2
702,11,5,7,702,06037235201,2
703,11,5,7,703,06037235202,2
704,11,5,8,704,06037236000,2
705,11,5,8,705,06037236100,2
706,11,5,8,706,06037236400,2
707,1,2,6,707,06037237101,10
708,1,2,6,708,06037237102,10
709,1,2,6,709,06037237201,10
710,1,2,6,710,06037237202,10
711,11,5,7,711,06037237300,2
712,1,2,6,712,06037237401,10
713,1,2,6,713,06037237402,2
714,1,2,6,714,06037237500,10
715,1,2,6,715,06037237600,10
716,3,2,6,716,06037237710,10
717,1,2,6,717,06037237720,10
718,1,5,7,718,06037237800,2
719,11,5,8,719,06037237900,2
720,11,5,7,720,06037238000,2
721,11,5,7,721,06037238100,2
722,11,5,8,722,06037238200,2
723,1,2,6,723,06037238320,2
724,11,5,8,724,06037238400,2
725,3,2,6,725,06037239201,10
726,13,2,6,726,06037239202,10
727,3,2,6,727,06037239310,10
728,13,2,6,728,06037239320,10
729,13,2,6,729,06037239330,10
730,13,2,6,730,06037239501,10
731,3,2,6,731,06037239502,10
732,13,2,6,732,06037239601,10
733,3,2,6,733,06037239602,10
734,1,2,6,734,06037239701,10
735,3,2,6,735,06037239702,2
736,3,2,6,736,06037239801,10
737,3,2,6,737,06037239802,10
738,1,2,6,738,06037240010,10
739,1,2,6,739,06037240020,10
740,1,2,6,740,06037240200,10
741,3,2,6,741,06037240300,10
742,3,2,6,742,06037240401,10
743,11,2,6,743,06037240402,2
744,3,2,6,744,06037240500,10
745,1,2,6,745,06037240600,10
746,1,2,6,746,06037240700,2
747,1,2,6,747,06037240800,2
748,1,2,6,748,06037240900,2
749,3,2,6,749,06037241001,2
750,11,2,6,750,06037241002,2
751,3,2,6,751,06037241110,2
752,11,2,6,752,06037241120,2
753,11,2,6,753,06037241201,2
754,11,2,6,754,06037241202,2
755,11,2,7,755,06037241300,2
756,3,2,6,756,06037241400,2
757,1,2,6,757,06037242000,2
758,1,2,6,758,06037242200,10
759,1,2,6,759,06037242300,10
760,1,2,6,760,06037242600,2
761,1,2,6,761,06037242700,10
762,1,2,6,762,06037243000,10
763,1,2,6,763,06037243100,10
764,7,10,2,764,06037261101,6
765,7,10,2,765,06037261102,6
766,7,10,2,766,06037261200,6
767,7,10,2,767,06037262100,6
768,7,10,2,768,06037262200,6
769,7,10,2,769,06037262301,6
770,7,10,2,770,06037262302,6
771,7,10,2,771,06037262303,6
772,7,10,2,772,06037262400,6
773,7,10,2,773,06037262501,6
774,7,10,2,774,06037262601,6
775,7,10,2,775,06037262604,6
776,7,10,2,776,06037262706,6
777,7,10,2,777,06037262802,6
778,7,10,2,778,06037264000,6
779,7,10,2,779,06037264102,9
780,7,10,2,780,06037264103,9
781,7,10,2,781,06037264301,9
782,7,10,2,782,06037264302,6
783,7,10,2,783,06037265100,6
784,7,10,2,784,06037265201,9
785,7,10,2,785,06037265202,6
786,7,10,5,786,06037265303,9
787,7,10,5,787,06037265305,9
788,7,10,2,788,06037265410,6
789,7,10,2,789,06037265420,6
790,7,10,5,790,06037265510,9
791,7,10,2,791,06037265520,9
792,7,10,2,792,06037265601,9
793,7,10,2,793,06037265602,6
794,7,10,2,794,06037265700,9
795,7,10,2,795,06037267100,9
796,7,10,2,796,06037267200,9
797,7,10,5,797,06037267300,9
798,7,10,2,798,06037267402,9
799,7,10,5,799,06037267403,9
800,7,10,2,800,06037267404,9
801,3,13,5,801,06037267501,9
802,7,10,2,802,06037267502,9
803,3,10,5,803,06037267600,9
804,3,13,5,804,06037267700,9
805,7,10,2,805,06037267800,9
806,7,10,2,806,06037267901,6
807,7,10,2,807,06037267902,6
808,7,10,2,808,06037269000,6
809,7,10,2,809,06037269100,9
810,7,10,2,810,06037269300,6
811,7,10,2,811,06037269500,6
812,3,13,7,812,06037269601,2
813,3,13,4,813,06037269602,9
814,3,13,4,814,06037269700,9
815,3,13,5,815,06037269800,9
816,3,13,5,816,06037269903,9
817,3,13,5,817,06037269906,9
818,3,13,5,818,06037269907,9
819,3,13,5,819,06037270100,9
820,3,2,3,820,06037270200,2
821,3,13,8,821,06037270300,2
822,3,10,5,822,06037271100,9
823,3,13,5,823,06037271200,9
824,3,10,5,824,06037271300,9
825,7,10,2,825,06037271400,9
826,7,10,2,826,06037271500,9
827,7,13,5,827,06037271600,9
828,7,10,2,828,06037271701,9
829,3,13,5,829,06037271702,9
830,3,13,5,830,06037271801,9
831,3,13,5,831,06037271802,9
832,3,13,5,832,06037271901,9
833,7,10,1,833,06037271902,9
834,7,10,2,834,06037272100,9
835,3,13,4,835,06037272201,9
836,3,13,0,836,06037272202,9
837,3,13,5,837,06037272301,9
838,3,13,4,838,06037272302,9
839,7,10,2,839,06037273100,9
840,7,10,1,840,06037273200,9
841,7,10,1,841,06037273300,9
842,7,10,2,842,06037273402,9
843,7,10,2,843,06037273600,9
844,7,10,2,844,06037273700,9
845,7,10,2,845,06037273800,9
846,7,10,2,846,06037273902,9
847,7,10,2,847,06037274100,9
848,3,13,5,848,06037275101,9
849,3,13,3,849,06037275102,9
850,3,13,4,850,06037275200,9
851,7,10,2,851,06037275302,9
852,3,13,5,852,06037275311,9
853,3,10,5,853,06037275400,9
854,3,13,3,854,06037275500,9
855,3,13,5,855,06037275602,9
856,3,13,4,856,06037275603,9
857,7,10,2,857,06037276000,9
858,11,5,8,858,06037276100,2
859,7,10,2,859,06037276400,9
860,7,10,2,860,06037276500,9
861,7,10,2,861,06037276601,9
862,7,10,2,862,06037276603,9
863,7,10,5,863,06037276604,9
864,7,10,2,864,06037277000,9
865,7,10,1,865,06037277100,9
866,11,5,8,866,06037277200,2
867,7,10,1,867,06037278001,9
868,11,5,7,868,06037291110,2
869,3,2,6,869,06037291120,11
870,11,2,7,870,06037291130,11
871,5,2,7,871,06037291210,11
872,5,2,7,872,06037291220,11
873,5,7,8,873,06037291300,11
874,5,7,7,874,06037292000,11
875,5,7,8,875,06037293201,11
876,5,7,7,876,06037293202,11
877,3,7,5,877,06037293301,7
878,5,7,8,878,06037293302,11
879,5,7,7,879,06037293304,11
880,3,7,4,880,06037293306,7
881,5,7,7,881,06037293307,11
882,5,7,6,882,06037294110,11
883,5,7,6,883,06037294120,11
884,5,7,6,884,06037294200,11
885,5,7,6,885,06037294301,11
886,5,7,6,886,06037294302,11
887,5,7,8,887,06037294410,11
888,5,7,6,888,06037294421,11
889,5,7,6,889,06037294510,11
890,5,7,6,890,06037294520,11
891,5,7,6,891,06037294610,11
892,5,7,6,892,06037294620,11
893,5,7,6,893,06037294701,11
894,5,7,6,894,06037294810,11
895,5,7,6,895,06037294820,11
896,5,7,6,896,06037294830,11
897,5,7,6,897,06037294900,11
898,3,7,1,898,06037295103,7
899,3,7,6,899,06037296210,7
900,3,7,3,900,06037296220,7
901,3,7,0,901,06037296300,7
902,3,7,1,902,06037296401,7
903,3,7,0,903,06037296402,7
904,3,7,6,904,06037296500,7
905,3,7,3,905,06037296600,7
906,3,7,3,906,06037296901,7
907,3,7,0,907,06037296902,7
908,3,7,1,908,06037297000,7
909,3,7,6,909,06037297110,7
910,3,7,3,910,06037297120,7
911,3,7,3,911,06037297201,7
912,3,7,0,912,06037297202,7
913,3,7,0,913,06037297300,7
914,3,7,1,914,06037297400,7
915,3,7,1,915,06037297500,7
916,3,7,1,916,06037297601,7
917,3,7,0,917,06037297602,7
918,6,1,2,918,06037300100,4
919,6,1,5,919,06037300200,4
920,6,1,2,920,06037300301,4
921,6,1,1,921,06037300400,4
922,6,1,5,922,06037300501,4
923,6,1,5,923,06037300502,4
924,6,1,5,924,06037300600,4
925,6,1,2,925,06037300701,4
926,6,1,2,926,06037300702,4
927,6,1,2,927,06037300800,4
928,6,1,2,928,06037300901,4
929,6,1,2,929,06037300902,4
930,6,1,1,930,06037301000,4
931,6,1,2,931,06037301100,4
932,6,1,2,932,06037301203,4
933,6,1,1,933,06037301204,4
934,6,1,2,934,06037301205,4
935,6,1,1,935,06037301206,4
936,6,1,2,936,06037301300,4
937,6,1,2,937,06037301400,4
938,6,1,1,938,06037301501,4
939,6,1,1,939,06037301502,4
940,6,1,1,940,06037301601,4
941,6,1,4,941,06037301602,4
942,6,1,0,942,06037301701,4
943,6,1,1,943,06037301702,4
944,6,1,0,944,06037301801,4
945,6,1,1,945,06037301802,4
946,6,1,1,946,06037301900,4
947,6,1,1,947,06037302002,4
948,6,1,1,948,06037302003,4
949,6,1,1,949,06037302004,4
950,6,1,1,950,06037302102,4
951,6,1,0,951,06037302103,4
952,6,1,4,952,06037302104,4
953,6,1,1,953,06037302201,4
954,6,1,1,954,06037302202,4
955,6,1,1,955,06037302301,4
956,6,1,4,956,06037302302,4
957,6,1,0,957,06037302401,4
958,6,1,1,958,06037302503,4
959,6,1,0,959,06037302504,4
960,6,1,4,960,06037302505,4
961,6,1,0,961,06037302506,4
962,6,1,2,962,06037310100,4
963,6,1,1,963,06037310201,4
964,6,1,1,964,06037310202,4
965,6,1,2,965,06037310300,4
966,6,1,1,966,06037310400,4
967,6,1,4,967,06037310501,4
968,6,1,4,968,06037310601,4
969,6,1,5,969,06037310602,4
970,6,1,1,970,06037310701,4
971,6,1,1,971,06037310702,4
972,6,1,1,972,06037310703,4
973,6,1,1,973,06037310800,4
974,6,1,0,974,06037310900,4
975,6,1,0,975,06037311000,4
976,6,1,0,976,06037311100,4
977,6,1,1,977,06037311200,4
978,6,1,1,978,06037311300,4
979,7,1,1,979,06037311400,9
980,6,1,1,980,06037311500,9
981,6,1,1,981,06037311600,9
982,6,1,1,982,06037311700,9
983,6,1,0,983,06037311801,4
984,6,1,3,984,06037311802,4
985,9,6,6,985,06037320100,1
986,9,6,6,986,06037320201,1
987,9,6,6,987,06037320202,1
988,9,6,6,988,06037320300,1
989,6,6,1,989,06037400204,4
990,6,6,2,990,06037400205,4
991,6,6,2,991,06037400206,4
992,6,6,1,992,06037400207,4
993,6,6,4,993,06037400302,4
994,6,6,0,994,06037400304,4
995,6,6,1,995,06037400402,4
996,6,6,1,996,06037400403,4
997,6,6,2,997,06037400404,4
998,6,6,2,998,06037400501,4
999,13,12,3,999,06037400602,10
1000,6,6,4,1000,06037400603,4
1001,6,6,4,1001,06037400604,4
1002,6,6,1,1002,06037400800,4
1003,6,6,0,1003,06037400900,4
1004,6,6,2,1004,06037401001,4
1005,6,6,1,1005,06037401002,4
1006,6,6,1,1006,06037401101,4
1007,6,6,0,1007,06037401102,4
1008,6,6,1,1008,06037401201,4
1009,6,6,0,1009,06037401202,4
1010,6,6,0,1010,06037401203,4
1011,6,6,5,1011,06037401303,4
1012,6,6,5,1012,06037401304,4
1013,6,6,0,1013,06037401311,4
1014,6,6,0,1014,06037401312,4
1015,6,6,0,1015,06037401500,4
1016,6,6,0,1016,06037401601,4
1017,6,6,0,1017,06037401602,4
1018,6,6,1,1018,06037401603,4
1019,6,6,1,1019,06037401701,4
1020,6,6,4,1020,06037401703,4
1021,10,6,3,1021,06037401704,14
1022,6,6,2,1022,06037401800,4
1023,6,6,5,1023,06037401901,4
1024,6,6,2,1024,06037401902,4
1025,10,6,4,1025,06037402001,14
1026,6,6,0,1026,06037402002,4
1027,10,9,6,1027,06037402101,14
1028,10,9,3,1028,06037402102,14
1029,10,6,3,1029,06037402200,14
1030,10,9,6,1030,06037402301,14
1031,10,9,6,1031,06037402303,14
1032,10,9,6,1032,06037402304,14
1033,10,9,3,1033,06037402402,14
1034,10,9,3,1034,06037402403,14
1035,10,9,6,1035,06037402405,14
1036,10,9,6,1036,06037402406,14
1037,10,9,6,1037,06037402501,14
1038,10,9,6,1038,06037402502,14
1039,10,6,3,1039,06037402600,14
1040,10,9,6,1040,06037402702,14
1041,10,9,6,1041,06037402703,14
1042,10,9,3,1042,06037402705,14
1043,10,9,6,1043,06037402706,14
1044,10,9,6,1044,06037402801,14
1045,10,9,6,1045,06037402803,14
1046,10,9,6,1046,06037402804,14
1047,10,9,6,1047,06037402902,14
1048,10,9,6,1048,06037402903,14
1049,10,9,6,1049,06037402904,14
1050,10,9,6,1050,06037403000,14
1051,10,9,8,1051,06037403303,14
1052,10,9,8,1052,06037403304,14
1053,10,9,8,1053,06037403305,14
1054,10,9,8,1054,06037403312,14
1055,10,9,8,1055,06037403316,14
1056,10,9,8,1056,06037403317,14
1057,10,9,8,1057,06037403318,14
1058,10,9,8,1058,06037403319,14
1059,10,9,8,1059,06037403320,14
1060,10,9,8,1060,06037403321,14
1061,10,9,8,1061,06037403322,14
1062,10,9,8,1062,06037403323,14
1063,10,9,8,1063,06037403324,14
1064,12,8,5,1064,06037403325,0
1065,10,9,8,1065,06037403401,14
1066,10,9,8,1066,06037403402,14
1067,10,9,8,1067,06037403403,14
1068,10,9,8,1068,06037403404,14
1069,10,9,8,1069,06037403405,14
1070,10,9,8,1070,06037403406,14
1071,10,9,8,1071,06037403407,14
1072,10,9,8,1072,06037403408,14
1073,6,6,8,1073,06037403500,4
1074,6,6,4,1074,06037403600,4
1075,6,6,4,1075,06037403702,4
1076,6,6,4,1076,06037403703,4
1077,6,6,4,1077,06037403721,4
1078,13,12,3,1078,06037403722,10
1079,6,6,4,1079,06037403801,4
1080,6,6,3,1080,06037403802,4
1081,6,6,4,1081,06037403901,4
1082,6,6,0,1082,06037403902,4
1083,13,12,3,1083,06037404000,10
1084,13,12,6,1084,06037404100,10
1085,13,12,6,1085,06037404201,10
1086,13,12,3,1086,06037404202,10
1087,13,12,6,1087,06037404301,10
1088,13,12,6,1088,06037404302,10
1089,13,12,6,1089,06037404401,10
1090,13,12,6,1090,06037404402,10
1091,13,12,6,1091,06037404501,10
1092,13,12,6,1092,06037404503,10
1093,13,12,6,1093,06037404504,10
1094,13,12,6,1094,06037404600,10
1095,13,12,6,1095,06037404701,10
1096,13,12,6,1096,06037404702,10
1097,0,12,6,1097,06037404703,10
1098,13,12,6,1098,06037404801,10
1099,0,12,6,1099,06037404802,10
1100,13,12,6,1100,06037404803,10
1101,13,12,7,1101,06037404901,10
1102,13,12,7,1102,06037404902,10
1103,13,12,6,1103,06037404903,10
1104,13,12,6,1104,06037405001,10
1105,13,12,6,1105,06037405002,10
1106,13,12,6,1106,06037405101,10
1107,13,12,7,1107,06037405102,10
1108,13,12,6,1108,06037405201,10
1109,13,12,6,1109,06037405202,10
1110,13,12,6,1110,06037405203,10
1111,13,12,7,1111,06037405301,10
1112,13,12,7,1112,06037405302,10
1113,13,12,3,1113,06037405400,10
1114,10,12,7,1114,06037405500,14
1115,10,12,7,1115,06037405600,14
1116,13,12,3,1116,06037405701,10
1117,13,12,7,1117,06037405702,10
1118,13,12,3,1118,06037405800,10
1119,13,12,3,1119,06037405900,10
1120,13,12,3,1120,06037406000,10
1121,13,12,3,1121,06037406101,10
1122,10,12,3,1122,06037406102,10
1123,10,12,7,1123,06037406200,10
1124,10,6,8,1124,06037406300,14
1125,10,12,4,1125,06037406402,14
1126,10,12,7,1126,06037406411,14
1127,10,12,4,1127,06037406412,14
1128,10,12,3,1128,06037406500,14
1129,10,12,7,1129,06037406601,14
1130,13,12,7,1130,06037406602,10
1131,10,12,7,1131,06037406701,14
1132,10,12,7,1132,06037406702,14
1133,0,12,7,1133,06037406800,14
1134,13,12,6,1134,06037406901,10
1135,13,12,6,1135,06037406902,10
1136,13,12,6,1136,06037407001,10
1137,13,12,6,1137,06037407002,10
1138,13,12,6,1138,06037407101,10
1139,13,12,6,1139,06037407102,10
1140,13,12,6,1140,06037407200,10
1141,13,12,6,1141,06037407301,10
1142,13,12,6,1142,06037407302,10
1143,0,12,7,1143,06037407400,14
1144,13,12,6,1144,06037407501,10
1145,13,12,6,1145,06037407502,10
1146,13,12,6,1146,06037407601,10
1147,13,12,6,1147,06037407602,10
1148,13,12,6,1148,06037407701,10
1149,13,12,6,1149,06037407702,10
1150,13,12,6,1150,06037407801,10
1151,13,12,6,1151,06037407802,10
1152,13,12,7,1152,06037407900,10
1153,10,12,7,1153,06037408003,14
1154,10,12,8,1154,06037408004,14
1155,10,6,8,1155,06037408005,14
1156,10,12,8,1156,06037408006,14
1157,10,12,8,1157,06037408133,14
1158,10,9,8,1158,06037408134,14
1159,10,9,8,1159,06037408135,14
1160,10,12,7,1160,06037408136,14
1161,10,12,8,1161,06037408137,14
1162,13,12,6,1162,06037408138,10
1163,13,12,6,1163,06037408139,10
1164,13,12,6,1164,06037408140,10
1165,13,12,6,1165,06037408141,10
1166,13,12,6,1166,06037408202,10
1167,10,9,8,1167,06037408211,14
1168,10,9,8,1168,06037408212,14
1169,13,12,6,1169,06037408301,10
1170,13,12,6,1170,06037408302,10
1171,13,12,6,1171,06037408303,10
1172,10,12,7,1172,06037408401,14
1173,10,9,8,1173,06037408402,14
1174,13,12,6,1174,06037408501,10
1175,10,9,8,1175,06037408503,14
1176,10,12,8,1176,06037408504,14
1177,10,9,8,1177,06037408505,14
1178,10,9,8,1178,06037408623,14
1179,10,9,8,1179,06037408624,14
1180,10,9,8,1180,06037408625,14
1181,10,9,8,1181,06037408626,14
1182,10,9,8,1182,06037408627,14
1183,10,9,8,1183,06037408628,14
1184,10,9,8,1184,06037408629,14
1185,13,12,6,1185,06037408630,10
1186,10,12,7,1186,06037408631,14
1187,10,9,8,1187,06037408703,14
1188,10,9,8,1188,06037408704,14
1189,10,9,8,1189,06037408705,14
1190,10,9,8,1190,06037408706,14
1191,10,9,8,1191,06037408722,14
1192,10,9,8,1192,06037408723,14
1193,10,9,7,1193,06037408724,14
1194,10,9,3,1194,06037408800,14
1195,6,6,4,1195,06037430002,4
1196,6,6,5,1196,06037430003,4
1197,6,6,4,1197,06037430101,4
1198,13,12,6,1198,06037430102,10
1199,6,1,2,1199,06037430200,4
1200,6,1,2,1200,06037430301,4
1201,6,1,1,1201,06037430302,4
1202,6,4,5,1202,06037430400,4
1203,6,1,2,1203,06037430501,4
1204,6,1,2,1204,06037430502,4
1205,6,4,5,1205,06037430600,4
1206,0,4,5,1206,06037430701,4
1207,6,4,5,1207,06037430721,4
1208,0,4,8,1208,06037430723,4
1209,0,4,8,1209,06037430724,4
1210,0,4,8,1210,06037430801,4
1211,6,4,5,1211,06037430802,4
1212,0,4,5,1212,06037430803,4
1213,6,12,4,1213,06037430901,4
1214,6,4,8,1214,06037430902,4
1215,6,1,4,1215,06037431001,4
1216,6,1,4,1216,06037431002,4
1217,13,12,3,1217,06037431100,10
1218,13,12,6,1218,06037431200,10
1219,6,4,5,1219,06037431300,4
1220,0,3,8,1220,06037431400,4
1221,0,3,8,1221,06037431501,4
1222,0,3,8,1222,06037431502,4
1223,0,4,5,1223,06037431600,4
1224,0,4,5,1224,06037431700,4
1225,0,3,8,1225,06037431800,4
1226,0,3,8,1226,06037431900,4
1227,0,3,8,1227,06037432000,4
1228,0,3,8,1228,06037432101,4
1229,0,3,8,1229,06037432102,4
1230,0,3,8,1230,06037432201,4
1231,0,3,8,1231,06037432202,4
1232,0,3,7,1232,06037432300,10
1233,0,3,7,1233,06037432401,10
1234,13,12,7,1234,06037432402,10
1235,0,3,7,1235,06037432500,10
1236,0,3,7,1236,06037432601,10
1237,0,3,7,1237,06037432602,10
1238,13,12,6,1238,06037432700,10
1239,13,12,7,1239,06037432801,10
1240,13,12,7,1240,06037432802,10
1241,0,3,8,1241,06037432901,4
1242,0,3,8,1242,06037432902,10
1243,0,3,8,1243,06037433101,10
1244,13,3,7,1244,06037433102,10
1245,13,12,7,1245,06037433200,10
1246,13,12,6,1246,06037433302,10
1247,0,12,7,1247,06037433304,10
1248,13,12,6,1248,06037433305,10
1249,0,3,7,1249,06037433306,10
1250,0,12,7,1250,06037433307,10
1251,13,12,6,1251,06037433401,10
1252,0,12,7,1252,06037433402,10
1253,0,12,6,1253,06037433403,10
1254,13,12,6,1258,06037433501,10
1255,13,12,6,1254,06037433503,10
1256,13,12,6,1255,06037433504,10
1257,0,3,8,1256,06037433601,10
1258,0,3,8,1257,06037433602,10
1259,13,12,6,1258,06037433700,10
1260,13,12,6,1259,06037433801,10
1261,13,12,6,1260,06037433802,10
1262,13,12,7,1261,06037433901,10
1263,13,12,6,1262,06037433902,10
1264,13,12,6,1263,06037434001,10
1265,13,12,6,1264,06037434003,10
1266,13,12,6,1265,06037434004,10
1267,6,1,2,1266,06037460000,4
1268,6,1,2,1267,06037460100,4
1269,6,14,5,1268,06037460200,4
1270,6,14,5,1269,06037460301,4
1271,6,14,4,1270,06037460302,4
1272,6,14,4,1271,06037460401,4
1273,6,14,2,1272,06037460501,4
1274,6,14,2,1273,06037460502,4
1275,6,14,2,1274,06037460600,4
1276,6,14,2,1275,06037460700,4
1277,6,14,2,1276,06037460800,4
1278,6,14,7,1277,06037460900,4
1279,6,14,7,1278,06037461000,4
1280,6,14,4,1279,06037461100,4
1281,6,1,2,1280,06037461200,4
1282,6,1,2,1281,06037461300,4
1283,6,1,1,1282,06037461400,4
1284,6,14,4,1283,06037461501,4
1285,6,14,7,1284,06037461502,4
1286,6,14,7,1285,06037461600,4
1287,6,14,2,1286,06037461700,4
1288,6,14,3,1287,06037461901,4
1289,6,14,5,1288,06037461902,4
1290,6,14,6,1289,06037462001,4
1291,6,14,6,1290,06037462002,4
1292,6,14,3,1291,06037462100,4
1293,6,14,4,1292,06037462201,4
1294,6,14,2,1293,06037462202,4
1295,6,14,4,1294,06037462301,4
1296,6,14,5,1295,06037462302,4
1297,6,1,1,1296,06037462400,4
1298,6,1,2,1297,06037462500,4
1299,6,1,2,1298,06037462600,4
1300,6,14,4,1299,06037462700,4
1301,6,14,5,1300,06037462800,4
1302,6,1,5,1301,06037462900,4
1303,6,1,2,1302,06037463000,4
1304,6,1,4,1303,06037463101,4
1305,6,1,5,1304,06037463102,4
1306,6,1,5,1305,06037463200,4
1307,6,1,2,1306,06037463300,4
1308,6,14,5,1307,06037463400,4
1309,6,14,5,1308,06037463500,4
1310,6,14,5,1309,06037463601,4
1311,6,14,5,1310,06037463602,4
1312,6,14,2,1311,06037463700,4
1313,6,14,2,1312,06037463800,4
1314,6,14,2,1313,06037463900,4
1315,6,14,2,1314,06037464000,4
1316,6,14,5,1315,06037464100,4
1317,0,14,5,1316,06037464200,4
1318,0,3,5,1317,06037480002,4
1319,0,3,8,1318,06037480011,4
1320,0,3,8,1319,06037480012,4
1321,0,3,8,1320,06037480101,4
1322,0,3,8,1321,06037480102,4
1323,6,3,5,1322,06037480201,4
1324,0,3,8,1323,06037480202,4
1325,0,3,8,1324,06037480302,4
1326,0,3,8,1325,06037480303,10
1327,0,3,8,1326,06037480304,10
1328,0,3,8,1327,06037480400,4
1329,6,14,5,1328,06037480500,4
1330,6,14,5,1329,06037480600,4
1331,6,14,5,1330,06037480702,4
1332,6,14,5,1331,06037480703,4
1333,6,14,5,1332,06037480704,4
1334,0,3,8,1333,06037480802,10
1335,0,3,8,1334,06037480803,4
1336,0,3,8,1335,06037480804,4
1337,0,3,8,1336,06037480901,10
1338,0,3,8,1337,06037480902,10
1339,0,3,8,1338,06037480903,10
1340,0,3,8,1339,06037481001,4
1341,0,3,8,1340,06037481002,10
1342,0,3,8,1341,06037481101,10
1343,0,3,8,1342,06037481102,4
1344,0,3,8,1343,06037481103,10
1345,0,3,8,1344,06037481201,4
1346,0,3,8,1345,06037481202,4
1347,0,3,8,1346,06037481300,4
1348,0,3,8,1347,06037481401,4
1349,0,3,8,1348,06037481402,4
1350,0,3,8,1349,06037481500,4
1351,0,3,8,1350,06037481603,4
1352,0,3,8,1351,06037481604,4
1353,0,3,8,1352,06037481605,4
1354,0,3,8,1353,06037481606,4
1355,0,3,8,1354,06037481711,4
1356,0,3,8,1355,06037481712,4
1357,0,3,8,1356,06037481713,4
1358,0,3,8,1357,06037481714,4
1359,0,3,8,1358,06037481800,4
1360,0,3,8,1359,06037481901,4
1361,0,3,7,1360,06037481902,10
1362,0,3,8,1361,06037482001,4
1363,0,3,8,1362,06037482002,4
1364,0,3,8,1363,06037482101,4
1365,0,3,8,1364,06037482102,4
1366,0,3,8,1365,06037482201,4
1367,0,3,8,1366,06037482202,4
1368,0,3,8,1367,06037482301,4
1369,0,3,8,1368,06037482303,10
1370,0,3,7,1369,06037482304,10
1371,0,3,7,1370,06037482401,10
1372,0,3,8,1371,06037482402,10
1373,0,3,8,1372,06037482502,10
1374,0,3,8,1373,06037482503,10
1375,0,3,8,1374,06037482521,10
1376,0,3,8,1375,06037482522,4
1377,0,3,8,1376,06037482600,4
1378,13,12,7,1377,06037482701,10
1379,0,3,8,1378,06037482702,10
1380,0,3,7,1379,06037482800,10
1381,10,9,1,1380,06037500100,14
1382,10,9,1,1381,06037500201,14
1383,10,9,5,1382,06037500202,14
1384,10,9,4,1383,06037500300,14
1385,13,12,6,1384,06037500402,10
1386,13,12,6,1385,06037500403,10
1387,13,12,6,1386,06037500404,10
1388,13,12,6,1387,06037500500,10
1389,13,12,6,1388,06037500600,10
1390,13,12,6,1389,06037500700,10
1391,13,12,6,1390,06037500800,10
1392,13,12,6,1391,06037500900,10
1393,13,12,6,1392,06037501001,10
1394,13,12,3,1393,06037501002,5
1395,13,12,3,1394,06037501200,5
1396,5,12,3,1395,06037501300,5
1397,13,12,6,1396,06037501400,10
1398,5,9,0,1397,06037501501,14
1399,5,12,3,1398,06037501503,5
1400,13,12,3,1399,06037501504,5
1401,5,9,4,1400,06037501600,5
1402,5,9,0,1401,06037501700,5
1403,13,12,3,1402,06037501802,5
1404,13,12,6,1403,06037501803,10
1405,13,12,6,1404,06037501804,10
1406,5,12,3,1405,06037501900,5
1407,13,12,6,1406,06037502003,10
1408,13,12,6,1407,06037502004,10
1409,13,12,3,1408,06037502005,5
1410,13,12,6,1409,06037502100,10
1411,13,12,6,1410,06037502200,10
1412,13,12,6,1411,06037502301,10
1413,13,12,6,1412,06037502302,10
1414,13,12,6,1413,06037502401,10
1415,13,12,6,1414,06037502402,10
1416,13,12,6,1415,06037502500,10
1417,13,12,6,1416,06037502601,10
1418,13,12,6,1417,06037502602,10
1419,13,12,6,1418,06037502700,10
1420,8,12,6,1419,06037502801,10
1421,8,12,7,1420,06037502802,10
1422,13,12,3,1421,06037502901,5
1423,13,12,6,1422,06037502902,10
1424,13,12,6,1423,06037503000,10
1425,13,12,6,1424,06037503103,10
1426,13,12,6,1425,06037503104,10
1427,13,12,3,1426,06037503105,5
1428,13,12,3,1427,06037503106,5
1429,5,12,3,1428,06037503201,5
1430,13,12,3,1429,06037503202,5
1431,5,9,3,1430,06037503301,5
1432,13,12,3,1431,06037503302,5
1433,5,9,0,1432,06037503401,5
1434,5,9,0,1433,06037503402,5
1435,5,12,3,1434,06037503501,5
1436,5,12,3,1435,06037503502,5
1437,5,9,0,1436,06037503601,0
1438,12,9,0,1437,06037503602,0
1439,5,9,0,1438,06037503701,5
1440,5,9,0,1439,06037503702,5
1441,12,9,8,1440,06037503703,0
1442,5,9,4,1441,06037503801,5
1443,5,9,4,1442,06037503802,0
1444,5,9,4,1443,06037503901,5
1445,5,9,4,1444,06037503902,5
1446,5,9,0,1445,06037504001,0
1447,5,9,0,1446,06037504002,0
1448,5,12,3,1447,06037504101,5
1449,13,12,7,1448,06037530003,10
1450,13,12,3,1449,06037530004,10
1451,0,3,8,1450,06037530005,4
1452,13,12,7,1451,06037530006,10
1453,13,12,6,1452,06037530101,10
1454,13,12,3,1453,06037530102,10
1455,13,12,6,1454,06037530202,10
1456,13,12,6,1455,06037530203,10
1457,13,12,6,1456,06037530204,10
1458,13,12,6,1457,06037530301,10
1459,13,12,6,1458,06037530302,10
1460,13,12,6,1459,06037530400,10
1461,13,12,6,1460,06037530500,10
1462,13,12,6,1461,06037530601,10
1463,13,12,6,1462,06037530602,10
1464,13,12,6,1463,06037530700,10
1465,13,12,6,1464,06037530801,10
1466,13,12,6,1465,06037530802,10
1467,13,12,6,1466,06037530901,10
1468,13,12,6,1467,06037530902,10
1469,13,12,6,1468,06037531000,10
1470,13,12,6,1469,06037531101,10
1471,13,12,6,1470,06037531102,10
1472,13,12,6,1471,06037531201,10
1473,13,12,6,1472,06037531202,10
1474,13,12,6,1473,06037531301,10
1475,13,12,6,1474,06037531302,10
1476,13,12,6,1475,06037531502,10
1477,13,12,6,1476,06037531503,10
1478,13,12,6,1477,06037531504,10
1479,13,12,6,1478,06037531602,10
1480,13,12,6,1479,06037531603,10
1481,13,12,6,1480,06037531604,10
1482,13,12,6,1481,06037531701,10
1483,13,12,6,1482,06037531702,10
1484,13,12,6,1483,06037531800,10
1485,13,12,6,1484,06037531901,10
1486,13,12,6,1485,06037531902,10
1487,13,12,6,1486,06037532001,10
1488,13,12,6,1487,06037532002,10
1489,13,12,6,1488,06037532101,10
1490,13,12,6,1489,06037532102,10
1491,13,12,6,1490,06037532200,10
1492,13,12,6,1491,06037532302,10
1493,13,12,6,1492,06037532303,10
1494,13,12,6,1493,06037532304,10
1495,13,12,6,1494,06037532500,10
1496,13,12,6,1495,06037532603,10
1497,13,12,6,1496,06037532604,10
1498,13,12,6,1497,06037532605,10
1499,13,12,6,1498,06037532606,10
1500,13,12,6,1499,06037532700,10
1501,13,12,6,1500,06037532800,10
1502,13,12,6,1501,06037532900,10
1503,13,12,6,1502,06037533001,10
1504,13,12,6,1503,06037533002,10
1505,13,12,6,1504,06037533103,10
1506,13,12,6,1505,06037533104,10
1507,13,12,6,1506,06037533105,10
1508,13,12,6,1507,06037533106,10
1509,13,12,6,1508,06037533107,10
1510,13,12,6,1509,06037533201,10
1511,13,12,6,1510,06037533202,10
1512,13,12,6,1511,06037533203,10
1513,13,12,6,1512,06037533300,10
1514,13,12,6,1513,06037533401,10
1515,13,12,6,1514,06037533402,10
1516,13,12,6,1515,06037533403,10
1517,13,12,6,1516,06037533501,10
1518,13,12,6,1517,06037533502,10
1519,13,12,6,1518,06037533503,10
1520,13,12,6,1519,06037533601,10
1521,13,12,6,1520,06037533602,10
1522,13,12,6,1521,06037533603,10
1523,13,12,6,1522,06037533701,10
1524,13,12,6,1523,06037533702,10
1525,13,12,6,1524,06037533703,10
1526,13,12,6,1525,06037533803,10
1527,13,12,6,1526,06037533804,10
1528,13,12,6,1527,06037533805,10
1529,13,12,6,1528,06037533806,10
1530,13,12,6,1529,06037533901,10
1531,13,12,6,1530,06037533902,10
1532,13,12,6,1531,06037534001,10
1533,13,12,6,1532,06037534002,10
1534,13,12,6,1533,06037534101,10
1535,13,12,6,1534,06037534102,10
1536,13,12,6,1535,06037534201,10
1537,13,12,6,1536,06037534202,10
1538,13,12,6,1537,06037534203,10
1539,13,12,6,1538,06037534302,10
1540,13,12,6,1539,06037534403,10
1541,13,12,6,1540,06037534404,10
1542,13,12,6,1541,06037534405,10
1543,13,12,6,1542,06037534406,10
1544,13,12,6,1543,06037534501,10
1545,13,12,6,1544,06037534502,10
1546,13,12,6,1545,06037534700,10
1547,13,12,6,1546,06037534802,10
1548,13,12,6,1547,06037534803,10
1549,13,12,6,1548,06037534804,10
1550,13,12,6,1549,06037534900,10
1551,13,12,6,1550,06037535001,10
1552,13,12,6,1551,06037535002,10
1553,13,2,6,1552,06037535101,10
1554,1,2,6,1553,06037535102,10
1555,13,2,6,1554,06037535200,10
1556,13,12,6,1555,06037535300,10
1557,13,12,6,1556,06037535400,10
1558,13,12,6,1557,06037535501,10
1559,13,12,6,1558,06037535502,10
1560,13,12,6,1559,06037535503,10
1561,13,12,6,1560,06037535603,10
1562,13,12,6,1561,06037535604,10
1563,13,12,6,1562,06037535605,10
1564,13,12,6,1563,06037535606,10
1565,13,12,6,1564,06037535607,10
1566,13,12,6,1565,06037535701,10
1567,13,12,6,1566,06037535702,10
1568,13,12,6,1567,06037535802,10
1569,13,12,6,1568,06037535803,10
1570,13,12,6,1569,06037535804,10
1571,13,12,6,1570,06037535901,10
1572,13,12,6,1571,06037535902,10
1573,13,12,6,1572,06037536000,10
1574,13,12,6,1573,06037536102,10
1575,13,12,6,1574,06037536103,10
1576,13,12,6,1575,06037536104,10
1577,13,12,6,1576,06037536200,10
1578,13,12,6,1577,06037540000,10
1579,13,12,6,1578,06037540101,10
1580,13,12,6,1579,06037540102,10
1581,13,12,6,1580,06037540201,10
1582,13,12,6,1581,06037540202,10
1583,13,12,6,1582,06037540203,10
1584,13,12,6,1583,06037540300,10
1585,13,2,6,1584,06037540400,10
1586,13,2,6,1585,06037540501,10
1587,13,2,6,1586,06037540502,10
1588,11,2,6,1587,06037540600,2
1589,11,2,7,1588,06037540700,2
1590,11,5,7,1589,06037540800,2
1591,3,2,6,1590,06037540901,2
1592,11,5,7,1591,06037540902,2
1593,11,2,7,1592,06037541001,2
1594,11,7,8,1593,06037541002,2
1595,11,2,7,1594,06037541100,2
1596,11,5,7,1595,06037541200,2
1597,11,2,6,1596,06037541300,2
1598,13,2,6,1597,06037541400,10
1599,13,2,6,1598,06037541500,10
1600,13,2,6,1599,06037541603,10
1601,13,2,6,1600,06037541604,10
1602,13,2,6,1601,06037541605,10
1603,13,2,6,1602,06037541606,10
1604,13,2,6,1603,06037541700,10
1605,13,2,6,1604,06037541801,10
1606,13,2,6,1605,06037541802,10
1607,13,2,6,1606,06037542000,10
1608,13,2,6,1607,06037542103,10
1609,13,2,6,1608,06037542104,10
1610,13,2,6,1609,06037542105,10
1611,13,2,6,1610,06037542106,10
1612,13,2,6,1611,06037542200,10
1613,11,2,6,1612,06037542401,2
1614,13,2,6,1613,06037542402,2
1615,11,2,7,1614,06037542501,2
1616,11,2,6,1615,06037542502,2
1617,13,2,6,1616,06037542601,10
1618,13,2,6,1617,06037542602,10
1619,13,2,6,1618,06037542700,10
1620,11,2,7,1619,06037542800,2
1621,13,2,6,1620,06037542900,10
1622,11,2,7,1621,06037543000,2
1623,11,2,7,1622,06037543100,2
1624,11,2,6,1623,06037543201,2
1625,13,2,6,1624,06037543202,2
1626,11,2,8,1625,06037543304,2
1627,5,2,7,1626,06037543305,3
1628,5,7,8,1627,06037543306,3
1629,11,2,8,1628,06037543321,2
1630,11,2,8,1629,06037543322,2
1631,5,7,7,1630,06037543400,11
1632,5,7,8,1631,06037543501,3
1633,5,7,8,1632,06037543502,3
1634,5,7,8,1633,06037543503,3
1635,5,7,8,1634,06037543601,3
1636,5,7,8,1635,06037543602,11
1637,3,7,4,1636,06037543603,7
1638,5,7,8,1637,06037543604,11
1639,5,7,7,1638,06037543701,3
1640,5,7,7,1639,06037543702,3
1641,5,7,7,1640,06037543703,11
1642,5,7,8,1641,06037543801,3
1643,5,7,8,1642,06037543802,3
1644,5,7,8,1643,06037543903,3
1645,5,7,6,1644,06037543905,11
1646,5,2,7,1645,06037544001,3
1647,5,2,7,1646,06037544002,3
1648,8,12,4,1647,06037550000,3
1649,8,12,6,1648,06037550100,10
1650,8,12,3,1649,06037550201,10
1651,8,12,3,1650,06037550202,10
1652,8,12,3,1651,06037550300,3
1653,8,12,3,1652,06037550400,3
1654,8,12,3,1653,06037550500,10
1655,8,12,3,1654,06037550601,10
1656,8,12,3,1655,06037550602,3
1657,8,12,3,1656,06037550700,10
1658,8,12,3,1657,06037550800,3
1659,8,12,3,1658,06037550901,10
1660,8,12,3,1659,06037550902,10
1661,8,12,3,1660,06037551000,3
1662,13,12,6,1661,06037551101,10
1663,13,12,6,1662,06037551102,10
1664,8,12,3,1663,06037551201,10
1665,8,12,3,1664,06037551202,10
1666,8,12,3,1665,06037551300,10
1667,8,12,3,1666,06037551401,10
1668,8,12,3,1667,06037551402,3
1669,8,12,3,1668,06037551501,10
1670,8,12,3,1669,06037551502,3
1671,13,12,6,1670,06037551700,10
1672,8,12,3,1671,06037551800,10
1673,8,12,7,1672,06037551900,3
1674,8,12,3,1673,06037552001,10
1675,8,12,6,1674,06037552002,10
1676,8,12,3,1675,06037552100,10
1677,8,12,6,1676,06037552200,3
1678,8,12,7,1677,06037552301,3
1679,8,12,7,1678,06037552302,3
1680,8,12,6,1679,06037552400,3
1681,8,12,6,1680,06037552601,10
1682,5,12,7,1681,06037552602,3
1683,8,12,3,1682,06037552700,3
1684,8,12,3,1683,06037552800,10
1685,5,12,7,1684,06037552900,3
1686,8,12,3,1685,06037553000,3
1687,5,2,4,1686,06037553100,3
1688,8,12,3,1687,06037553200,3
1689,8,12,3,1688,06037553300,10
1690,13,12,6,1689,06037553400,10
1691,13,2,6,1690,06037553502,10
1692,13,2,6,1691,06037553503,10
1693,13,2,6,1692,06037553504,10
1694,13,2,6,1693,06037553601,10
1695,13,2,6,1694,06037553602,10
1696,13,12,6,1695,06037553701,10
1697,13,12,6,1696,06037553702,10
1698,13,2,6,1697,06037553801,10
1699,13,2,6,1698,06037553802,10
1700,13,2,6,1699,06037553901,10
1701,13,2,6,1700,06037553902,10
1702,5,12,7,1701,06037554001,3
1703,8,2,7,1702,06037554002,3
1704,8,2,6,1703,06037554101,3
1705,5,2,7,1704,06037554103,3
1706,5,2,7,1705,06037554104,3
1707,5,2,7,1706,06037554105,3
1708,5,2,7,1707,06037554201,3
1709,5,2,4,1708,06037554203,3
1710,5,2,7,1709,06037554204,3
1711,13,2,6,1710,06037554301,10
1712,5,2,7,1711,06037554302,3
1713,5,2,7,1712,06037554404,3
1714,5,2,7,1713,06037554405,3
1715,12,9,4,1714,06037554406,3
1716,5,9,8,1715,06037554511,3
1717,5,9,8,1716,06037554512,3
1718,5,9,8,1717,06037554513,3
1719,5,9,8,1718,06037554514,3
1720,5,9,8,1719,06037554515,3
1721,5,9,8,1720,06037554516,3
1722,5,9,8,1721,06037554517,3
1723,5,9,8,1722,06037554518,3
1724,12,9,8,1723,06037554519,3
1725,5,9,8,1724,06037554521,3
1726,5,9,8,1725,06037554522,3
1727,5,12,8,1726,06037554600,3
1728,8,12,6,1727,06037554700,10
1729,8,12,6,1728,06037554801,10
1730,5,9,8,1729,06037554802,3
1731,5,9,8,1730,06037554900,3
1732,5,9,7,1731,06037555001,3
1733,5,9,4,1732,06037555002,3
1734,5,9,7,1733,06037555102,3
1735,5,9,8,1734,06037555103,3
1736,5,9,8,1735,06037555104,3
1737,12,11,1,1736,06037555202,13
1738,5,9,6,1737,06037555211,5
1739,5,9,6,1738,06037555212,5
1740,12,11,0,1739,06037570001,3
1741,5,2,4,1740,06037570002,3
1742,5,11,4,1741,06037570003,3
1743,5,2,8,1742,06037570100,3
1744,13,2,7,1743,06037570202,10
1745,13,2,6,1744,06037570203,10
1746,5,2,7,1745,06037570204,3
1747,13,2,6,1746,06037570301,10
1748,13,2,7,1747,06037570303,10
1749,13,2,6,1748,06037570304,10
1750,5,2,7,1749,06037570402,3
1751,13,2,6,1750,06037570403,10
1752,13,2,6,1751,06037570404,10
1753,5,2,7,1752,06037570501,3
1754,5,2,3,1753,06037570502,10
1755,5,2,7,1754,06037570601,10
1756,5,2,7,1755,06037570602,3
1757,5,2,7,1756,06037570603,3
1758,5,2,8,1757,06037570701,3
1759,5,11,4,1758,06037570702,3
1760,12,11,0,1759,06037570800,3
1761,12,11,1,1760,06037570901,13
1762,12,11,0,1761,06037570902,13
1763,12,11,1,1762,06037571000,13
1764,12,11,1,1763,06037571101,13
1765,12,11,1,1764,06037571102,13
1766,12,11,0,1765,06037571200,13
1767,12,11,0,1766,06037571300,13
1768,5,11,4,1767,06037571400,3
1769,5,2,8,1768,06037571502,3
1770,5,2,8,1769,06037571503,3
1771,5,2,8,1770,06037571504,3
1772,5,2,7,1771,06037571701,10
1773,5,2,7,1772,06037571703,10
1774,5,2,7,1773,06037571704,3
1775,5,11,2,1774,06037571800,3
1776,5,11,5,1775,06037571900,3
1777,5,11,1,1776,06037572001,3
1778,5,11,8,1777,06037572002,3
1779,5,2,8,1778,06037572100,3
1780,5,2,8,1779,06037572201,3
1781,5,2,8,1780,06037572202,3
1782,5,2,7,1781,06037572301,3
1783,5,2,7,1782,06037572302,3
1784,5,2,8,1783,06037572400,3
1785,5,2,8,1784,06037572500,3
1786,5,2,8,1785,06037572600,3
1787,5,2,8,1786,06037572700,3
1788,5,2,7,1787,06037572900,3
1789,5,2,6,1788,06037573002,3
1790,5,2,4,1789,06037573003,3
1791,5,2,7,1790,06037573004,3
1792,5,2,7,1791,06037573100,3
1793,5,2,7,1792,06037573201,3
1794,5,2,7,1793,06037573202,3
1795,5,2,7,1794,06037573300,3
1796,5,2,4,1795,06037573401,3
1797,5,2,8,1796,06037573402,3
1798,12,11,5,1797,06037573403,13
1799,12,11,1,1798,06037573601,13
1800,12,11,1,1799,06037573700,13
1801,12,11,1,1800,06037573800,13
1802,12,11,2,1801,06037573902,13
1803,12,11,1,1802,06037574000,13
1804,12,11,1,1803,06037574100,13
1805,12,11,1,1804,06037574201,13
1806,12,11,0,1805,06037574202,13
1807,12,11,1,1806,06037574300,13
1808,12,11,1,1807,06037574400,13
1809,12,11,2,1808,06037574500,13
1810,12,11,2,1809,06037574602,13
1811,12,11,2,1810,06037574800,13
1812,12,11,2,1811,06037574901,13
1813,12,11,5,1812,06037574902,13
1814,12,11,1,1813,06037575001,13
1815,12,11,5,1814,06037575002,13
1816,5,2,7,1815,06037575101,3
1817,5,2,7,1816,06037575102,3
1818,5,2,4,1817,06037575103,3
1819,5,2,7,1818,06037575201,3
1820,5,2,7,1819,06037575202,3
1821,5,2,7,1820,06037575300,3
1822,5,2,6,1821,06037575401,3
1823,5,2,6,1822,06037575402,3
1824,5,2,6,1823,06037575801,3
1825,5,2,6,1824,06037575802,3
1826,5,2,3,1825,06037575803,3
1827,5,2,7,1826,06037575901,3
1828,5,2,4,1827,06037575902,3
1829,5,2,5,1828,06037576001,3
1830,5,2,4,1829,06037576200,3
1831,5,2,7,1830,06037576301,3
1832,5,2,7,1831,06037576302,3
1833,5,2,6,1832,06037576401,3
1834,5,2,6,1833,06037576402,3
1835,5,2,7,1834,06037576403,3
1836,5,2,4,1835,06037576501,3
1837,5,2,4,1836,06037576502,3
1838,5,2,4,1837,06037576503,3
1839,5,2,0,1838,06037576601,3
1840,5,2,4,1839,06037576801,3
1841,12,11,1,1840,06037576802,13
1842,5,2,6,1841,06037576901,3
1843,5,2,7,1842,06037576903,3
1844,5,2,4,1843,06037576904,3
1845,12,11,0,1844,06037577000,13
1846,12,11,1,1845,06037577100,13
1847,12,11,2,1846,06037577200,13
1848,12,11,2,1847,06037577300,13
1849,12,11,2,1848,06037577400,13
1850,12,11,2,1849,06037577501,13
1851,12,11,2,1850,06037577504,13
1852,12,11,2,1851,06037577602,13
1853,12,11,2,1852,06037577603,13
1854,12,11,2,1853,06037577604,13
1855,11,2,6,1854,06037600100,2
1856,11,2,6,1855,06037600201,2
1857,11,2,7,1856,06037600202,2
1858,11,5,7,1857,06037600302,2
1859,11,2,6,1858,06037600303,2
1860,11,2,7,1859,06037600304,2
1861,11,5,8,1860,06037600400,2
1862,11,5,8,1861,06037600501,2
1863,11,5,7,1862,06037600502,2
1864,11,5,8,1863,06037600601,2
1865,11,5,6,1864,06037600602,2
1866,11,5,8,1865,06037600702,2
1867,11,5,8,1866,06037600703,2
1868,11,5,8,1867,06037600704,2
1869,11,5,8,1868,06037600801,2
1870,11,5,8,1869,06037600802,2
1871,11,5,7,1870,06037600902,2
1872,1,5,6,1871,06037600911,2
1873,1,2,6,1872,06037600912,2
1874,11,5,8,1873,06037601001,2
1875,11,5,7,1874,06037601002,2
1876,11,5,6,1875,06037601100,2
1877,11,7,6,1876,06037601202,11
1878,11,5,7,1877,06037601211,2
1879,11,5,6,1878,06037601212,11
1880,11,5,8,1879,06037601301,2
1881,11,5,8,1880,06037601302,2
1882,11,5,7,1881,06037601303,2
1883,11,5,7,1882,06037601401,2
1884,11,7,6,1883,06037601402,11
1885,11,7,6,1884,06037601501,11
1886,11,7,6,1885,06037601502,11
1887,11,7,6,1886,06037601600,11
1888,11,7,6,1887,06037601700,11
1889,11,7,6,1888,06037601801,11
1890,11,7,6,1889,06037601802,11
1891,11,5,6,1890,06037601900,11
1892,11,7,6,1891,06037602002,11
1893,11,7,6,1892,06037602003,11
1894,11,5,6,1893,06037602004,11
1895,11,7,6,1894,06037602103,11
1896,11,7,7,1895,06037602104,11
1897,11,7,6,1896,06037602105,11
1898,11,7,7,1897,06037602106,11
1899,3,7,4,1898,06037602200,11
1900,3,7,4,1899,06037602301,11
1901,3,7,2,1900,06037602302,7
1902,11,7,3,1901,06037602402,11
1903,11,7,7,1902,06037602403,11
1904,11,7,7,1903,06037602404,11
1905,11,7,7,1904,06037602504,2
1906,11,7,7,1905,06037602505,2
1907,11,5,7,1906,06037602506,2
1908,11,5,7,1907,06037602507,2
1909,11,7,7,1908,06037602508,2
1910,11,7,7,1909,06037602509,11
1911,11,5,8,1910,06037602600,2
1912,11,5,8,1911,06037602700,2
1913,11,2,6,1912,06037602801,2
1914,11,5,7,1913,06037602802,2
1915,3,2,6,1914,06037602900,11
1916,11,7,7,1915,06037603001,11
1917,5,7,8,1916,06037603004,11
1918,11,2,7,1917,06037603005,11
1919,5,7,8,1918,06037603006,11
1920,5,7,8,1919,06037603101,11
1921,5,7,8,1920,06037603102,11
1922,5,7,8,1921,06037603200,11
1923,5,7,8,1922,06037603301,11
1924,5,7,7,1923,06037603302,11
1925,5,7,8,1924,06037603400,11
1926,3,7,8,1925,06037603500,11
1927,5,7,4,1926,06037603600,11
1928,3,7,4,1927,06037603702,7
1929,3,7,4,1928,06037603703,11
1930,11,7,7,1929,06037603704,11
1931,11,7,7,1930,06037603801,11
1932,11,7,6,1931,06037603802,11
1933,11,7,3,1932,06037603900,11
1934,11,7,3,1933,06037604001,11
1935,3,7,7,1934,06037604002,11
1936,11,7,3,1935,06037604100,11
1937,3,7,3,1936,06037609900,7
1938,3,7,2,1937,06037620301,7
1939,3,7,2,1938,06037620303,7
1940,3,7,2,1939,06037620400,7
1941,3,7,2,1940,06037620501,7
1942,3,7,1,1941,06037620521,7
1943,3,7,2,1942,06037620522,7
1944,3,7,1,1943,06037620601,7
1945,3,7,2,1944,06037620602,7
1946,3,7,2,1945,06037620701,7
1947,3,7,2,1946,06037620702,7
1948,3,7,2,1947,06037620800,7
1949,3,7,2,1948,06037620901,7
1950,3,7,2,1949,06037620904,7
1951,3,7,2,1950,06037621001,7
1952,3,7,2,1951,06037621002,7
1953,3,7,2,1952,06037621004,7
1954,3,7,2,1953,06037621102,7
1955,3,7,2,1954,06037621104,7
1956,3,7,2,1955,06037621201,7
1957,3,7,1,1956,06037621204,7
1958,3,7,2,1957,06037621301,7
1959,3,7,2,1958,06037621324,7
1960,3,7,2,1959,06037621326,7
1961,3,7,2,1960,06037621400,7
1962,3,7,8,1961,06037650001,7
1963,3,7,8,1962,06037650003,11
1964,3,7,8,1963,06037650004,7
1965,3,7,8,1964,06037650101,7
1966,3,7,5,1965,06037650102,7
1967,3,7,5,1966,06037650200,7
1968,3,7,8,1967,06037650300,7
1969,3,7,5,1968,06037650401,7
1970,3,7,2,1969,06037650501,7
1971,3,7,5,1970,06037650502,7
1972,3,7,5,1971,06037650602,7
1973,3,7,5,1972,06037650603,7
1974,3,7,5,1973,06037650604,7
1975,3,7,5,1974,06037650605,7
1976,3,7,2,1975,06037650701,7
1977,3,7,2,1976,06037650702,7
1978,3,7,5,1977,06037650800,7
1979,3,7,0,1978,06037650901,7
1980,3,7,5,1979,06037650902,7
1981,3,7,4,1980,06037651001,7
1982,3,7,5,1981,06037651002,7
1983,3,7,5,1982,06037651101,7
1984,3,7,5,1983,06037651102,7
1985,3,7,2,1984,06037651201,7
1986,3,7,5,1985,06037651221,7
1987,3,7,5,1986,06037651222,7
1988,3,7,2,1987,06037651302,7
1989,3,7,2,1988,06037651304,7
1990,3,7,2,1989,06037651401,7
1991,3,7,5,1990,06037651402,7
1992,3,7,0,1991,06037670001,7
1993,3,7,0,1992,06037670002,7
1994,3,7,0,1993,06037670003,7
1995,3,7,5,1994,06037670100,7
1996,3,7,2,1995,06037670201,7
1997,3,7,2,1996,06037670202,7
1998,3,7,2,1997,06037670324,7
1999,3,7,2,1998,06037670326,7
2000,3,7,2,1999,06037670328,7
2001,3,7,2,2000,06037670403,7
2002,3,7,2,2001,06037670405,7
2003,3,7,5,2002,06037670406,7
2004,3,7,5,2003,06037670407,7
2005,3,7,2,2004,06037670411,7
2006,3,7,5,2005,06037670413,7
2007,3,7,2,2006,06037670416,7
2008,3,7,2,2007,06037670500,7
2009,3,7,2,2008,06037670602,7
2010,3,7,5,2009,06037670701,7
2011,3,7,2,2010,06037670702,7
2012,7,10,2,2011,06037700101,9
2013,7,10,1,2012,06037700102,9
2014,7,10,2,2013,06037700200,9
2015,7,10,2,2014,06037700300,9
2016,7,10,2,2015,06037700400,9
2017,7,10,2,2016,06037700501,9
2018,7,10,2,2017,06037700502,9
2019,7,10,2,2018,06037700600,6
2020,7,10,2,2019,06037700700,6
2021,7,10,2,2020,06037700801,6
2022,7,10,2,2021,06037700802,9
2023,7,10,2,2022,06037700901,6
2024,7,10,2,2023,06037700902,6
2025,7,10,2,2024,06037701000,6
2026,7,10,2,2025,06037701201,6
2027,7,10,2,2026,06037701202,9
2028,7,10,2,2027,06037701302,9
2029,7,10,2,2028,06037701304,6
2030,7,10,2,2029,06037701501,9
2031,7,10,2,2030,06037701502,9
2032,7,10,2,2031,06037701601,6
2033,7,10,2,2032,06037701602,9
2034,7,10,1,2033,06037701701,9
2035,3,10,1,2034,06037701702,9
2036,3,13,4,2035,06037701801,9
2037,7,13,5,2036,06037701802,9
2038,7,10,2,2037,06037702002,9
2039,7,10,2,2038,06037702102,9
2040,7,10,2,2039,06037702201,9
2041,7,10,2,2040,06037702202,9
2042,7,10,2,2041,06037702300,9
2043,3,13,1,2042,06037702400,9
2044,7,13,2,2043,06037702501,9
2045,7,13,2,2044,06037702502,9
2046,3,13,5,2045,06037702600,9
2047,7,13,2,2046,06037702700,9
2048,3,13,0,2047,06037702801,9
2049,3,13,4,2048,06037702802,9
2050,3,13,0,2049,06037702803,9
2051,7,13,5,2050,06037703001,9
2052,11,5,8,2051,06037703002,2
2053,11,5,8,2052,06037703100,2
2054,11,5,8,2053,06037703200,2
2055,7,10,2,2054,06037800101,6
2056,7,10,2,2055,06037800102,9
2057,7,10,2,2056,06037800202,6
2058,7,10,2,2057,06037800203,4
2059,7,10,2,2058,06037800204,6
2060,7,10,2,2059,06037800324,6
2061,7,10,2,2060,06037800325,6
2062,7,10,2,2061,06037800326,6
2063,7,10,1,2062,06037800327,4
2064,7,10,2,2063,06037800328,4
2065,7,10,2,2064,06037800329,6
2066,7,10,2,2065,06037800330,6
2067,7,10,2,2066,06037800331,6
2068,7,10,2,2067,06037800332,6
2069,7,10,2,2068,06037800406,6
2070,7,10,2,2069,06037800408,6
2071,7,10,2,2070,06037800410,6
2072,7,10,2,2071,06037800504,6
2073,7,10,2,2072,06037800506,6
2074,2,6,0,2073,06037900102,8
2075,2,6,3,2074,06037900103,8
2076,2,6,3,2075,06037900104,8
2077,2,6,0,2076,06037900201,8
2078,2,6,4,2077,06037900300,8
2079,2,6,7,2078,06037900501,8
2080,2,6,7,2079,06037900504,8
2081,2,6,7,2080,06037900505,8
2082,2,6,7,2081,06037900506,8
2083,2,6,4,2082,06037900507,8
2084,2,6,4,2083,06037900508,8
2085,2,6,3,2084,06037900602,8
2086,2,6,0,2085,06037900605,8
2087,2,6,7,2086,06037900606,8
2088,2,6,7,2087,06037900607,8
2089,2,6,7,2088,06037900608,8
2090,2,6,7,2089,06037900609,8
2091,2,6,4,2090,06037900701,8
2092,2,6,0,2091,06037900703,8
2093,2,6,4,2090,06037900704,8
2094,6,6,0,2092,06037900705,4
2095,2,6,4,2093,06037900803,8
2096,2,6,7,2094,06037900804,8
2097,2,6,0,2095,06037900805,8
2098,2,6,4,2096,06037900806,8
2099,6,6,1,2097,06037900900,4
2100,6,6,0,2098,06037901004,4
2101,6,6,0,2099,06037901007,4
2102,2,6,4,2100,06037901008,8
2103,6,6,0,2101,06037901009,4
2104,6,6,0,2102,06037901010,4
2105,6,6,0,2103,06037901011,4
2106,6,6,0,2104,06037901101,4
2107,6,6,0,2105,06037901102,4
2108,6,6,0,2106,06037901205,4
2109,6,6,1,2107,06037901209,4
2110,6,6,1,2108,06037901210,4
2111,6,6,1,2109,06037901213,4
2112,2,6,3,2110,06037910001,8
2113,2,6,3,2111,06037910002,8
2114,2,6,6,2112,06037910101,8
2115,2,6,4,2113,06037910201,8
2116,6,6,0,2114,06037910202,4
2117,6,6,0,2115,06037910205,4
2118,6,6,4,2116,06037910206,4
2119,6,6,4,2117,06037910207,4
2120,2,6,3,2118,06037910208,8
2121,6,6,0,2119,06037910209,4
2122,6,6,0,2120,06037910210,4
2123,6,6,0,2121,06037910301,4
2124,6,6,1,2122,06037910302,4
2125,6,6,4,2123,06037910401,4
2126,2,6,6,2124,06037910402,8
2127,2,6,6,2125,06037910403,8
2128,2,6,3,2126,06037910404,8
2129,2,6,3,2127,06037910502,8
2130,2,6,6,2128,06037910504,8
2131,2,6,3,2129,06037910505,8
2132,2,6,3,2130,06037910601,8
2133,2,6,3,2131,06037910602,8
2134,2,6,6,2132,06037910603,8
2135,2,6,3,2133,06037910605,8
2136,2,6,6,2134,06037910606,8
2137,2,6,3,2135,06037910705,8
2138,2,6,6,2136,06037910706,8
2139,2,6,3,2137,06037910707,8
2140,2,6,0,2138,06037910709,8
2141,2,6,6,2139,06037910711,8
2142,2,6,3,2140,06037910712,8
2143,2,6,6,2141,06037910713,8
2144,2,6,6,2142,06037910714,8
2145,2,6,6,2143,06037910715,8
2146,2,6,3,2144,06037910716,8
2147,6,6,1,2145,06037910804,4
2148,6,6,1,2146,06037910805,4
2149,6,6,0,2147,06037910807,4
2150,6,6,1,2148,06037910808,4
2151,6,6,2,2149,06037910809,4
2152,6,6,1,2150,06037910810,4
2153,6,6,2,2151,06037910811,4
2154,6,6,1,2152,06037910812,4
2155,6,6,1,2153,06037910813,4
2156,6,6,0,2154,06037911001,4
2157,6,6,0,2155,06037920011,4
2158,6,6,1,2156,06037920012,4
2159,6,6,0,2157,06037920013,4
2160,6,6,1,2158,06037920015,4
2161,6,6,1,2159,06037920016,4
2162,6,6,0,2160,06037920017,4
2163,6,6,1,2161,06037920018,4
2164,6,6,1,2162,06037920020,4
2165,6,6,3,2163,06037920023,4
2166,6,6,1,2164,06037920026,4
2167,6,6,1,2165,06037920028,4
2168,6,6,0,2166,06037920029,4
2169,6,6,0,2167,06037920030,4
2170,6,6,1,2168,06037920031,4
2171,6,6,1,2169,06037920032,4
2172,6,6,0,2170,06037920034,4
2173,6,6,0,2171,06037920035,4
2174,6,6,0,2172,06037920036,4
2175,6,6,3,2173,06037920037,4
2176,6,6,3,2174,06037920038,4
2177,6,6,0,2175,06037920039,4
2178,6,6,0,2176,06037920040,4
2179,6,6,4,2177,06037920041,4
2180,6,6,0,2178,06037920042,4
2181,6,6,5,2179,06037920043,4
2182,6,6,1,2180,06037920044,4
2183,6,6,1,2181,06037920045,4
2184,6,6,0,2182,06037920102,4
2185,6,6,1,2183,06037920104,4
2186,6,6,3,2184,06037920106,4
2187,6,6,5,2185,06037920107,4
2188,6,6,5,2186,06037920108,4
2189,6,6,2,2187,06037920109,4
2190,6,6,2,2188,06037920110,4
2191,6,6,1,2189,06037920111,4
2192,6,6,1,2190,06037920112,4
2193,6,6,5,2191,06037920114,4
2194,6,6,1,2192,06037920115,4
2195,6,6,1,2193,06037920116,4
2196,6,6,1,2194,06037920118,4
2197,6,6,1,2195,06037920119,4
2198,6,6,5,2196,06037920303,4
2199,6,6,0,2197,06037920312,4
2200,6,6,1,2198,06037920313,4
2201,6,6,1,2199,06037920314,4
2202,6,6,1,2200,06037920322,4
2203,6,6,5,2201,06037920326,4
2204,6,6,2,2202,06037920328,4
2205,6,6,1,2203,06037920329,4
2206,6,6,1,2204,06037920330,4
2207,6,6,1,2205,06037920331,4
2208,6,6,1,2206,06037920332,4
2209,6,6,1,2207,06037920334,4
2210,6,6,3,2208,06037920336,4
2211,6,6,6,2209,06037920337,4
2212,6,6,2,2210,06037920338,4
2213,6,6,2,2211,06037920339,4
2214,6,1,2,2212,06037930101,4
2215,6,6,1,2213,06037930200,4
2216,6,6,1,2214,06037930301,4
2217,7,10,2,2215,06037980019,9
2218,5,9,0,2216,06059001101,5
2219,5,9,0,2217,06059001102,5
2220,5,9,3,2218,06059001103,5
2221,5,9,3,2219,06059001201,5
2222,5,9,6,2220,06059001202,5
2223,5,9,4,2221,06059001301,0
2224,5,9,3,2222,06059001303,5
2225,5,9,3,2223,06059001401,5
2226,5,9,3,2224,06059001402,5
2227,12,8,0,2225,06059001403,0
2228,5,9,6,2226,06059001404,5
2229,12,8,1,2227,06059001501,0
2230,12,8,1,2228,06059001503,0
2231,12,8,0,2229,06059001504,0
2232,12,8,5,2230,06059001505,0
2233,12,8,1,2231,06059001506,0
2234,12,8,5,2232,06059001507,0
2235,12,8,5,2233,06059001601,0
2236,12,8,2,2234,06059001602,0
2237,12,9,8,2235,06059001704,0
2238,5,9,4,2236,06059001705,5
2239,12,8,2,2237,06059001706,0
2240,12,9,8,2238,06059001707,0
2241,12,8,5,2239,06059001708,0
2242,5,9,7,2240,06059001801,5
2243,5,9,3,2241,06059001802,5
2244,5,9,4,2242,06059001901,5
2245,5,9,4,2243,06059001902,5
2246,5,9,3,2244,06059001903,5
2247,12,8,0,2245,06059011000,0
2248,5,9,3,2246,06059011101,5
2249,5,9,3,2247,06059011102,5
2250,12,8,0,2248,06059011200,0
2251,12,8,1,2249,06059011300,0
2252,12,8,2,2250,06059011401,0
2253,12,8,2,2251,06059011402,0
2254,5,9,4,2252,06059011403,5
2255,5,9,4,2253,06059011502,5
2256,12,8,2,2254,06059011503,0
2257,12,8,5,2255,06059011504,0
2258,5,9,3,2256,06059011601,5
2259,5,9,3,2257,06059011602,5
2260,12,8,5,2258,06059011707,0
2261,12,8,5,2259,06059011708,0
2262,12,8,1,2260,06059011709,0
2263,12,8,1,2261,06059011710,0
2264,5,9,4,2262,06059011711,0
2265,5,9,4,2263,06059011712,0
2266,12,8,1,2264,06059011715,0
2267,12,8,5,2265,06059011716,0
2268,12,8,1,2266,06059011717,0
2269,12,8,1,2267,06059011718,0
2270,5,9,6,2268,06059011720,5
2271,5,9,3,2269,06059011721,5
2272,12,8,0,2270,06059011722,0
2273,12,8,1,2271,06059021802,0
2274,12,8,1,2272,06059021807,0
2275,12,8,1,2273,06059021809,0
2276,12,8,1,2274,06059021810,0
2277,12,8,1,2275,06059021812,0
2278,12,8,2,2276,06059021814,0
2279,12,8,5,2277,06059021815,0
2280,12,8,2,2278,06059021816,0
2281,12,8,1,2279,06059021817,0
2282,12,8,5,2280,06059021820,0
2283,12,8,4,2281,06059021821,0
2284,12,8,5,2282,06059021822,0
2285,12,8,2,2283,06059021823,0
2286,12,8,2,2284,06059021824,0
2287,12,8,2,2285,06059021825,0
2288,12,8,1,2286,06059021826,0
2289,12,8,5,2287,06059021827,0
2290,12,8,2,2288,06059021828,0
2291,12,8,2,2289,06059021829,0
2292,12,8,2,2290,06059021830,0
2293,12,8,1,2291,06059021903,0
2294,12,8,1,2292,06059021905,0
2295,12,8,2,2293,06059021912,0
2296,12,8,3,2294,06059021913,0
2297,12,8,1,2295,06059021914,0
2298,12,8,2,2296,06059021915,0
2299,12,8,2,2297,06059021916,0
2300,12,8,2,2298,06059021917,0
2301,12,8,1,2299,06059021918,0
2302,12,8,1,2300,06059021919,0
2303,12,8,2,2301,06059021920,0
2304,12,8,2,2302,06059021921,0
2305,12,8,1,2303,06059021922,0
2306,12,8,2,2304,06059021923,0
2307,12,8,5,2305,06059021924,0
2308,4,11,1,2306,06059032002,13
2309,4,11,2,2307,06059032003,13
2310,4,11,2,2308,06059032011,13
2311,4,11,2,2309,06059032012,13
2312,4,11,2,2310,06059032013,13
2313,12,11,4,2311,06059032014,0
2314,4,11,1,2312,06059032015,13
2315,4,11,2,2313,06059032020,13
2316,4,11,0,2314,06059032022,13
2317,4,11,2,2315,06059032023,13
2318,12,11,4,2316,06059032027,0
2319,12,11,1,2317,06059032028,0
2320,12,11,1,2318,06059032029,0
2321,4,11,1,2319,06059032030,13
2322,4,11,2,2320,06059032031,13
2323,4,11,1,2321,06059032032,13
2324,12,11,1,2322,06059032033,13
2325,4,11,2,2323,06059032034,13
2326,4,11,2,2324,06059032035,13
2327,12,11,1,2325,06059032036,13
2328,4,11,2,2326,06059032037,13
2329,4,11,2,2327,06059032038,13
2330,4,11,1,2328,06059032039,13
2331,4,11,2,2329,06059032040,13
2332,4,11,2,2330,06059032041,13
2333,4,11,2,2331,06059032042,13
2334,4,11,2,2332,06059032043,13
2335,4,11,2,2333,06059032044,13
2336,4,11,2,2334,06059032045,13
2337,4,11,2,2335,06059032046,13
2338,12,11,1,2336,06059032047,0
2339,4,11,2,2337,06059032048,13
2340,4,11,2,2338,06059032049,13
2341,4,11,2,2339,06059032050,13
2342,4,11,0,2340,06059032051,13
2343,4,11,2,2341,06059032053,13
2344,4,11,1,2342,06059032054,13
2345,4,11,0,2343,06059032055,13
2346,4,11,2,2344,06059032056,13
2347,4,11,2,2345,06059032057,13
2348,4,11,2,2346,06059032058,13
2349,4,11,2,2347,06059032059,13
2350,4,11,2,2348,06059032061,13
2351,4,11,2,2349,06059042103,13
2352,4,11,2,2350,06059042106,13
2353,4,11,0,2351,06059042107,13
2354,4,11,1,2352,06059042108,13
2355,4,11,1,2353,06059042109,13
2356,4,11,2,2354,06059042111,13
2357,4,11,2,2355,06059042112,13
2358,4,11,2,2356,06059042113,13
2359,4,11,2,2357,06059042114,13
2360,4,11,1,2358,06059042201,13
2361,4,11,2,2359,06059042203,13
2362,4,11,1,2360,06059042205,13
2363,4,11,2,2361,06059042206,13
2364,12,11,1,2362,06059042307,13
2365,4,11,0,2363,06059042310,13
2366,4,11,2,2364,06059042311,13
2367,4,11,3,2365,06059042312,13
2368,4,11,1,2366,06059042313,13
2369,4,11,1,2367,06059042315,13
2370,4,11,2,2368,06059042317,13
2371,4,11,2,2369,06059042319,13
2372,12,11,1,2370,06059042320,0
2373,4,11,2,2371,06059042323,13
2374,4,11,2,2372,06059042324,13
2375,4,11,2,2373,06059042325,13
2376,4,11,2,2374,06059042326,13
2377,4,11,2,2375,06059042327,13
2378,4,11,2,2376,06059042328,13
2379,4,11,2,2377,06059042329,13
2380,4,11,5,2378,06059042330,13
2381,4,11,2,2379,06059042331,13
2382,4,11,2,2380,06059042332,13
2383,4,11,2,2381,06059042333,13
2384,12,11,1,2382,06059042334,13
2385,12,11,2,2383,06059042335,13
2386,4,11,2,2384,06059042336,13
2387,4,11,2,2385,06059042337,13
2388,4,11,2,2386,06059042338,13
2389,4,11,1,2387,06059042339,13
2390,12,8,5,2388,06059052404,0
2391,4,11,2,2389,06059052408,13
2392,12,11,0,2390,06059052410,0
2393,12,11,0,2391,06059052411,0
2394,4,11,2,2392,06059052415,13
2395,12,11,0,2393,06059052416,0
2396,12,8,5,2394,06059052417,0
2397,12,8,5,2395,06059052418,0
2398,12,8,2,2396,06059052419,0
2399,12,8,5,2397,06059052420,0
2400,12,8,5,2398,06059052421,0
2401,12,11,2,2399,06059052422,13
2402,4,11,5,2400,06059052423,0
2403,12,11,1,2401,06059052424,0
2404,4,11,1,2402,06059052425,13
2405,12,8,5,2403,06059052426,0
2406,12,11,2,2404,06059052427,13
2407,4,11,2,2405,06059052428,13
2408,12,8,5,2406,06059052502,0
2409,12,11,5,2407,06059052505,0
2410,12,11,2,2408,06059052506,0
2411,12,11,2,2409,06059052511,13
2412,12,11,2,2410,06059052513,13
2413,12,11,2,2411,06059052514,13
2414,12,8,5,2412,06059052515,0
2415,12,11,5,2413,06059052517,0
2416,12,11,2,2414,06059052518,13
2417,12,11,2,2415,06059052519,13
2418,12,11,2,2416,06059052520,13
2419,12,11,5,2417,06059052521,0
2420,12,11,5,2418,06059052522,0
2421,12,11,5,2419,06059052523,0
2422,12,8,5,2420,06059052524,0
2423,12,8,5,2421,06059052525,0
2424,12,8,5,2422,06059052526,0
2425,12,8,5,2423,06059052527,0
2426,12,8,5,2424,06059052528,0
2427,12,11,2,2425,06059062610,0
2428,12,11,5,2426,06059062611,0
2429,12,11,2,2427,06059062612,13
2430,12,11,5,2428,06059062614,13
2431,12,11,2,2429,06059062621,13
2432,4,11,1,2430,06059062622,13
2433,12,11,0,2431,06059062625,0
2434,12,11,5,2432,06059062626,0
2435,12,11,5,2433,06059062627,0
2436,12,11,5,2434,06059062628,0
2437,12,11,2,2435,06059062629,13
2438,12,11,2,2436,06059062630,13
2439,12,11,2,2437,06059062631,13
2440,4,11,2,2438,06059062633,13
2441,12,11,2,2439,06059062634,13
2442,4,11,2,2440,06059062635,13
2443,12,11,5,2441,06059062636,0
2444,12,11,1,2442,06059062637,13
2445,12,11,2,2443,06059062638,13
2446,4,11,2,2444,06059062639,13
2447,12,11,1,2445,06059062640,13
2448,12,11,1,2446,06059062641,0
2449,14,11,2,2447,06059062642,13
2450,14,11,2,2448,06059062643,13
2451,14,11,2,2449,06059062644,13
2452,14,11,2,2450,06059062645,13
2453,4,11,1,2451,06059062646,13
2454,12,11,5,2452,06059062647,0
2455,4,11,2,2453,06059062648,13
2456,4,11,2,2454,06059062649,13
2457,14,11,2,2455,06059062701,13
2458,14,11,2,2456,06059062702,13
2459,14,11,2,2457,06059063004,13
2460,14,11,2,2458,06059063005,13
2461,14,11,2,2459,06059063007,13
2462,14,11,2,2460,06059063008,13
2463,14,11,2,2461,06059063009,13
2464,14,11,2,2462,06059063010,13
2465,12,11,1,2463,06059063101,13
2466,12,11,2,2464,06059063102,13
2467,14,11,2,2465,06059063103,13
2468,12,11,1,2466,06059063201,13
2469,12,11,1,2467,06059063202,13
2470,12,11,2,2468,06059063301,13
2471,14,11,2,2469,06059063302,13
2472,14,11,2,2470,06059063400,13
2473,12,11,1,2471,06059063601,13
2474,12,11,2,2472,06059063603,13
2475,12,11,3,2473,06059063604,0
2476,12,11,3,2474,06059063605,0
2477,12,11,6,2475,06059063701,0
2478,12,11,0,2476,06059063702,0
2479,12,11,1,2477,06059063802,13
2480,12,11,1,2478,06059063803,0
2481,12,11,2,2479,06059063805,13
2482,12,11,1,2480,06059063806,13
2483,12,11,5,2481,06059063807,13
2484,12,11,3,2482,06059063808,0
2485,12,11,0,2483,06059063902,0
2486,12,11,0,2484,06059063903,0
2487,12,11,4,2485,06059063904,0
2488,12,11,1,2486,06059063905,13
2489,12,11,4,2487,06059063906,0
2490,12,11,2,2488,06059063907,0
2491,12,11,5,2489,06059063908,0
2492,5,9,3,2490,06059074003,5
2493,5,9,3,2491,06059074004,5
2494,5,0,6,2492,06059074005,5
2495,5,9,3,2493,06059074006,5
2496,5,0,6,2494,06059074102,5
2497,5,0,6,2495,06059074103,5
2498,5,0,3,2496,06059074106,5
2499,12,9,4,2497,06059074107,0
2500,5,0,6,2498,06059074108,5
2501,5,0,6,2499,06059074109,5
2502,5,9,8,2500,06059074110,5
2503,5,9,3,2501,06059074111,5
2504,5,0,6,2502,06059074200,5
2505,5,0,6,2503,06059074300,5
2506,5,0,6,2504,06059074403,5
2507,5,0,6,2505,06059074405,5
2508,5,0,6,2506,06059074406,5
2509,5,0,6,2507,06059074407,5
2510,5,0,6,2508,06059074501,5
2511,5,0,6,2509,06059074502,5
2512,5,0,6,2510,06059074601,5
2513,5,0,6,2511,06059074602,5
2514,5,0,6,2512,06059074701,5
2515,5,0,6,2513,06059074702,5
2516,5,0,6,2514,06059074801,5
2517,5,0,6,2515,06059074802,5
2518,5,0,6,2516,06059074803,5
2519,5,0,6,2517,06059074805,5
2520,5,0,6,2518,06059074806,5
2521,5,0,6,2519,06059074901,5
2522,5,0,6,2520,06059074902,5
2523,5,0,6,2521,06059075002,5
2524,5,0,6,2522,06059075004,5
2525,5,0,3,2523,06059075100,5
2526,5,0,6,2524,06059075201,5
2527,5,0,6,2525,06059075202,5
2528,5,9,3,2526,06059075301,5
2529,5,0,3,2527,06059075302,5
2530,5,9,0,2528,06059075303,5
2531,5,9,4,2529,06059075401,5
2532,5,9,3,2530,06059075403,5
2533,5,9,3,2531,06059075404,5
2534,5,9,4,2532,06059075405,5
2535,12,8,1,2533,06059075504,0
2536,12,8,0,2534,06059075505,0
2537,12,8,1,2535,06059075506,0
2538,5,9,4,2536,06059075507,0
2539,5,9,7,2537,06059075512,5
2540,5,9,7,2538,06059075513,5
2541,5,9,6,2539,06059075514,5
2542,5,9,8,2540,06059075515,0
2543,12,8,1,2541,06059075603,0
2544,12,8,2,2542,06059075604,0
2545,12,8,2,2543,06059075605,0
2546,12,8,2,2544,06059075606,0
2547,12,8,5,2545,06059075607,0
2548,12,8,0,2546,06059075701,0
2549,12,8,2,2547,06059075702,0
2550,12,8,2,2548,06059075703,0
2551,12,8,0,2549,06059075805,0
2552,5,9,0,2550,06059075806,5
2553,12,8,0,2551,06059075807,0
2554,12,8,1,2552,06059075808,0
2555,12,8,2,2553,06059075809,0
2556,12,8,2,2554,06059075810,0
2557,12,8,4,2555,06059075811,0
2558,12,8,0,2556,06059075812,0
2559,12,8,2,2557,06059075813,0
2560,12,8,2,2558,06059075814,0
2561,12,8,0,2559,06059075815,0
2562,12,8,4,2560,06059075816,0
2563,12,8,1,2561,06059075901,0
2564,12,8,0,2562,06059075902,0
2565,5,9,4,2563,06059076000,5
2566,5,9,4,2564,06059076101,0
2567,5,9,7,2565,06059076103,5
2568,12,8,1,2566,06059076201,0
2569,12,8,0,2567,06059076202,0
2570,5,9,3,2568,06059076204,5
2571,12,8,0,2569,06059076205,0
2572,12,8,0,2570,06059076206,0
2573,12,8,0,2571,06059076208,0
2574,5,9,3,2572,06059086301,5
2575,5,9,4,2573,06059086303,5
2576,5,9,4,2574,06059086304,5
2577,5,9,4,2575,06059086305,5
2578,5,9,4,2576,06059086306,5
2579,5,9,3,2577,06059086402,5
2580,5,9,6,2578,06059086404,5
2581,5,9,6,2579,06059086405,5
2582,5,9,3,2580,06059086406,5
2583,5,9,3,2581,06059086407,5
2584,5,9,6,2582,06059086501,5
2585,5,9,6,2583,06059086502,5
2586,5,9,6,2584,06059086601,5
2587,5,9,3,2585,06059086602,5
2588,5,9,4,2586,06059086701,3
2589,5,9,3,2587,06059086702,5
2590,5,9,4,2588,06059086801,3
2591,5,9,7,2589,06059086802,5
2592,5,9,8,2590,06059086803,3
2593,5,9,7,2591,06059086901,5
2594,5,9,4,2592,06059086902,3
2595,5,9,7,2593,06059086903,5
2596,5,9,7,2594,06059087001,3
2597,5,9,4,2595,06059087002,5
2598,5,9,8,2596,06059087101,3
2599,5,9,3,2597,06059087102,5
2600,5,9,4,2598,06059087103,3
2601,5,9,4,2599,06059087105,3
2602,5,9,3,2600,06059087106,5
2603,5,9,3,2601,06059087200,5
2604,5,9,3,2602,06059087300,5
2605,5,9,3,2603,06059087401,5
2606,5,9,6,2604,06059087403,5
2607,5,9,6,2605,06059087404,5
2608,5,9,6,2606,06059087405,5
2609,5,9,3,2607,06059087503,5
2610,5,9,6,2608,06059087504,5
2611,5,9,3,2609,06059087505,5
2612,5,9,4,2610,06059087601,5
2613,5,9,3,2611,06059087602,3
2614,5,9,4,2612,06059087701,5
2615,5,9,7,2613,06059087703,3
2616,5,9,4,2614,06059087704,3
2617,5,9,4,2615,06059087801,3
2618,5,9,7,2616,06059087802,5
2619,5,9,6,2617,06059087803,5
2620,5,9,7,2618,06059087805,5
2621,5,9,7,2619,06059087806,3
2622,5,9,8,2620,06059087901,12
2623,5,9,7,2621,06059087902,5
2624,5,9,8,2622,06059088001,12
2625,5,9,8,2623,06059088002,12
2626,5,9,4,2624,06059088101,5
2627,5,9,8,2625,06059088104,12
2628,5,9,8,2626,06059088105,12
2629,5,9,8,2627,06059088106,12
2630,5,9,8,2628,06059088107,12
2631,5,9,4,2629,06059088201,3
2632,5,9,8,2630,06059088202,12
2633,5,9,8,2631,06059088203,12
2634,5,9,8,2632,06059088301,3
2635,5,9,8,2633,06059088302,12
2636,5,9,8,2634,06059088401,12
2637,5,9,7,2635,06059088402,5
2638,5,9,7,2636,06059088403,5
2639,5,9,7,2637,06059088501,5
2640,5,9,8,2638,06059088502,12
2641,5,9,8,2639,06059088601,12
2642,5,9,8,2640,06059088602,12
2643,5,9,8,2641,06059088701,12
2644,5,9,8,2642,06059088702,12
2645,5,9,8,2643,06059088801,12
2646,5,9,8,2644,06059088802,12
2647,5,9,8,2645,06059088901,12
2648,5,9,8,2646,06059088902,12
2649,5,9,8,2647,06059088903,12
2650,5,9,8,2648,06059088904,12
2651,5,9,8,2649,06059088905,12
2652,5,9,8,2650,06059089001,12
2653,5,9,7,2651,06059089003,5
2654,5,9,7,2652,06059089004,5
2655,5,9,7,2653,06059089102,5
2656,5,0,6,2654,06059089104,5
2657,5,0,6,2655,06059089105,5
2658,5,9,7,2656,06059089106,5
2659,5,9,7,2657,06059089107,5
2660,5,9,7,2658,06059099202,5
2661,5,9,8,2659,06059099203,12
2662,5,9,8,2660,06059099204,12
2663,12,11,0,2661,06059099212,0
2664,12,11,1,2662,06059099214,13
2665,12,11,1,2663,06059099215,13
2666,12,11,1,2664,06059099216,13
2667,12,11,2,2665,06059099217,13
2668,12,11,1,2666,06059099220,13
2669,5,9,8,2667,06059099222,12
2670,5,9,8,2668,06059099223,12
2671,12,9,5,2669,06059099224,12
2672,12,11,5,2670,06059099225,0
2673,12,9,8,2671,06059099226,12
2674,5,9,8,2672,06059099227,12
2675,12,11,5,2673,06059099229,0
2676,12,11,1,2674,06059099230,13
2677,12,11,2,2675,06059099231,13
2678,12,11,2,2676,06059099232,13
2679,12,11,5,2677,06059099233,0
2680,12,11,5,2678,06059099234,0
2681,12,11,1,2679,06059099235,13
2682,12,11,2,2680,06059099237,13
2683,12,11,2,2681,06059099238,13
2684,12,11,2,2682,06059099239,13
2685,12,9,5,2683,06059099241,0
2686,12,11,0,2684,06059099242,0
2687,12,11,2,2685,06059099243,13
2688,12,11,2,2686,06059099244,13
2689,12,11,2,2687,06059099245,13
2690,12,11,2,2688,06059099246,13
2691,5,9,8,2689,06059099247,12
2692,5,0,6,2690,06059099248,5
2693,5,0,6,2691,06059099249,5
2694,12,11,5,2692,06059099250,0
2695,12,11,5,2693,06059099251,0
2696,12,11,0,2694,06059099305,13
2697,12,11,1,2695,06059099306,13
2698,12,11,2,2696,06059099307,13
2699,12,11,2,2697,06059099308,13
2700,12,11,2,2698,06059099309,13
2701,12,11,2,2699,06059099310,13
2702,12,11,2,2700,06059099311,13
2703,12,11,2,2701,06059099404,13
2704,12,11,1,2702,06059099405,13
2705,12,11,2,2703,06059099406,13
2706,12,11,1,2704,06059099407,13
2707,12,11,2,2705,06059099408,13
2708,12,11,0,2706,06059099410,0
2709,12,11,0,2707,06059099411,0
2710,12,11,2,2708,06059099412,13
2711,12,11,1,2709,06059099413,13
2712,12,11,2,2710,06059099415,13
2713,12,11,1,2711,06059099416,13
2714,12,11,2,2712,06059099417,13
2715,12,11,2,2713,06059099504,13
2716,12,11,2,2714,06059099506,13
2717,12,11,1,2715,06059099508,13
2718,12,11,1,2716,06059099509,13
2719,12,11,1,2717,06059099510,13
2720,12,11,2,2718,06059099512,13
2721,12,11,2,2719,06059099513,13
2722,12,11,2,2720,06059099514,13
2723,5,9,8,2721,06059099601,12
2724,12,11,1,2722,06059099602,13
2725,12,11,1,2723,06059099603,13
2726,12,11,1,2724,06059099604,13
2727,12,11,2,2725,06059099605,13
2728,5,9,8,2726,06059099701,12
2729,5,9,8,2727,06059099702,12
2730,12,9,5,2728,06059099703,0
2731,5,9,8,2729,06059099801,12
2732,5,9,8,2730,06059099802,12
2733,5,9,8,2731,06059099803,12
2734,12,9,4,2732,06059099902,12
2735,5,9,8,2733,06059099903,12
2736,5,9,8,2734,06059099904,12
2737,12,9,4,2735,06059099905,12
2738,12,11,5,2736,06059099906,13
2739,12,11,1,2737,06059110001,13
2740,12,11,0,2738,06059110003,13
2741,12,11,1,2739,06059110004,13
2742,12,11,1,2740,06059110005,13
2743,12,11,2,2741,06059110006,13
2744,12,11,2,2742,06059110007,13
2745,12,11,2,2743,06059110008,13
2746,12,11,5,2744,06059110010,13
2747,12,11,5,2745,06059110011,13
2748,12,11,2,2746,06059110012,13
2749,12,11,0,2747,06059110014,13
2750,12,11,2,2748,06059110015,13
2751,12,9,5,2749,06059110102,3
2752,12,9,5,2750,06059110104,5
2753,12,11,5,2751,06059110106,13
2754,12,11,5,2752,06059110108,13
2755,12,11,5,2753,06059110109,13
2756,12,9,4,2754,06059110110,5
2757,12,9,8,2755,06059110111,5
2758,12,11,5,2756,06059110113,13
2759,12,11,1,2757,06059110114,13
2760,12,9,8,2758,06059110115,3
2761,12,9,8,2759,06059110116,3
2762,12,11,5,2760,06059110117,13
2763,12,11,5,2761,06059110118,13
2764,12,9,8,2762,06059110201,3
2765,5,9,8,2763,06059110202,5
2766,12,11,0,2764,06059110203,13
2767,5,9,8,2765,06059110301,3
2768,5,9,4,2766,06059110302,3
2769,5,9,4,2767,06059110303,3
2770,12,9,5,2768,06059110304,3
2771,5,9,4,2769,06059110401,3
2772,5,9,7,2770,06059110402,3
2773,5,9,7,2771,06059110500,3
2774,5,9,7,2772,06059110603,5
2775,12,9,5,2773,06059110604,0
2776,12,9,8,2774,06059110605,0
2777,5,9,7,2775,06059110606,5
2778,5,9,8,2776,06059110607,0
